algorithm,seed,episode,survival_days,valid_dscr_days,episode_mean_dscr,episode_median_dscr,episode_dscr_below_1_share_percent
GAIL+TD3,739,0,49,44,7.01047604366508,6.558917375462933,0.0
GAIL+TD3,739,1,49,44,7.01047604366508,6.558917375462933,0.0
GAIL+TD3,739,2,49,44,7.01047604366508,6.558917375462933,0.0
GAIL+TD3,739,3,49,44,7.01047604366508,6.558917375462933,0.0
GAIL+TD3,739,4,49,44,7.01047604366508,6.558917375462933,0.0
GAIL+TD3,739,5,49,44,7.01047604366508,6.558917375462933,0.0
GAIL+TD3,739,6,49,44,7.01047604366508,6.558917375462933,0.0
GAIL+TD3,739,7,49,44,7.01047604366508,6.558917375462933,0.0
GAIL+TD3,739,8,49,44,7.01047604366508,6.558917375462933,0.0
GAIL+TD3,739,9,49,44,7.01047604366508,6.558917375462933,0.0
GAIL+TD3,739,10,49,44,7.01047604366508,6.558917375462933,0.0
GAIL+TD3,739,11,49,44,7.01047604366508,6.558917375462933,0.0
GAIL+TD3,739,12,49,44,7.01047604366508,6.558917375462933,0.0
GAIL+TD3,739,13,49,44,7.01047604366508,6.558917375462933,0.0
GAIL+TD3,739,14,49,44,7.01047604366508,6.558917375462933,0.0
GAIL+TD3,739,15,49,44,7.01047604366508,6.558917375462933,0.0
GAIL+TD3,739,16,49,44,7.01047604366508,6.558917375462933,0.0
GAIL+TD3,739,17,49,44,7.01047604366508,6.558917375462933,0.0
GAIL+TD3,739,18,49,44,7.01047604366508,6.558917375462933,0.0
GAIL+TD3,739,19,49,44,7.01047604366508,6.558917375462933,0.0
GAIL+TD3,739,20,49,44,7.01047604366508,6.558917375462933,0.0
GAIL+TD3,739,21,49,44,7.01047604366508,6.558917375462933,0.0
GAIL+TD3,739,22,49,44,7.01047604366508,6.558917375462933,0.0
GAIL+TD3,739,23,49,44,7.01047604366508,6.558917375462933,0.0
GAIL+TD3,739,24,49,44,7.01047604366508,6.558917375462933,0.0
GAIL+TD3,739,25,49,44,7.01047604366508,6.558917375462933,0.0
GAIL+TD3,739,26,49,44,7.01047604366508,6.558917375462933,0.0
GAIL+TD3,739,27,49,44,7.01047604366508,6.558917375462933,0.0
GAIL+TD3,739,28,49,44,7.01047604366508,6.558917375462933,0.0
GAIL+TD3,739,29,49,44,7.01047604366508,6.558917375462933,0.0
GAIL+TD3,739,30,49,44,7.01047604366508,6.558917375462933,0.0
GAIL+TD3,739,31,49,44,7.01047604366508,6.558917375462933,0.0
GAIL+TD3,739,32,49,44,7.01047604366508,6.558917375462933,0.0
GAIL+TD3,739,33,49,44,7.01047604366508,6.558917375462933,0.0
GAIL+TD3,739,34,49,44,7.01047604366508,6.558917375462933,0.0
GAIL+TD3,739,35,49,44,7.01047604366508,6.558917375462933,0.0
GAIL+TD3,739,36,49,44,7.01047604366508,6.558917375462933,0.0
GAIL+TD3,739,37,49,44,7.01047604366508,6.558917375462933,0.0
GAIL+TD3,739,38,49,44,7.01047604366508,6.558917375462933,0.0
GAIL+TD3,739,39,49,44,7.01047604366508,6.558917375462933,0.0
GAIL+TD3,739,40,49,44,7.01047604366508,6.558917375462933,0.0
GAIL+TD3,739,41,49,44,7.01047604366508,6.558917375462933,0.0
GAIL+TD3,739,42,49,44,7.01047604366508,6.558917375462933,0.0
GAIL+TD3,739,43,49,44,7.01047604366508,6.558917375462933,0.0
GAIL+TD3,739,44,49,44,7.01047604366508,6.558917375462933,0.0
GAIL+TD3,739,45,49,44,7.01047604366508,6.558917375462933,0.0
GAIL+TD3,739,46,49,44,7.01047604366508,6.558917375462933,0.0
GAIL+TD3,739,47,49,44,7.01047604366508,6.558917375462933,0.0
GAIL+TD3,739,48,49,44,7.01047604366508,6.558917375462933,0.0
GAIL+TD3,739,49,49,44,7.01047604366508,6.558917375462933,0.0
GAIL+TD3,739,50,49,44,7.01047604366508,6.558917375462933,0.0
GAIL+TD3,739,51,49,44,7.01047604366508,6.558917375462933,0.0
GAIL+TD3,739,52,49,44,7.01047604366508,6.558917375462933,0.0
GAIL+TD3,739,53,49,44,7.01047604366508,6.558917375462933,0.0
GAIL+TD3,739,54,49,44,7.01047604366508,6.558917375462933,0.0
GAIL+TD3,739,55,49,44,7.01047604366508,6.558917375462933,0.0
GAIL+TD3,739,56,49,44,7.01047604366508,6.558917375462933,0.0
GAIL+TD3,739,57,49,44,7.01047604366508,6.558917375462933,0.0
GAIL+TD3,739,58,49,44,7.01047604366508,6.558917375462933,0.0
GAIL+TD3,739,59,49,44,7.01047604366508,6.558917375462933,0.0
GAIL+TD3,739,60,49,44,7.01047604366508,6.558917375462933,0.0
GAIL+TD3,739,61,49,44,7.01047604366508,6.558917375462933,0.0
GAIL+TD3,739,62,49,44,7.01047604366508,6.558917375462933,0.0
GAIL+TD3,739,63,49,44,7.01047604366508,6.558917375462933,0.0
GAIL+TD3,739,64,49,44,7.01047604366508,6.558917375462933,0.0
GAIL+TD3,739,65,49,44,7.01047604366508,6.558917375462933,0.0
GAIL+TD3,739,66,49,44,7.01047604366508,6.558917375462933,0.0
GAIL+TD3,739,67,49,44,7.01047604366508,6.558917375462933,0.0
GAIL+TD3,739,68,49,44,7.01047604366508,6.558917375462933,0.0
GAIL+TD3,739,69,49,44,7.01047604366508,6.558917375462933,0.0
GAIL+TD3,739,70,49,44,7.01047604366508,6.558917375462933,0.0
GAIL+TD3,739,71,49,44,7.01047604366508,6.558917375462933,0.0
GAIL+TD3,739,72,49,44,7.01047604366508,6.558917375462933,0.0
GAIL+TD3,739,73,49,44,7.01047604366508,6.558917375462933,0.0
GAIL+TD3,739,74,49,44,7.01047604366508,6.558917375462933,0.0
GAIL+TD3,739,75,49,44,7.01047604366508,6.558917375462933,0.0
GAIL+TD3,739,76,49,44,7.01047604366508,6.558917375462933,0.0
GAIL+TD3,739,77,49,44,7.01047604366508,6.558917375462933,0.0
GAIL+TD3,739,78,49,44,7.01047604366508,6.558917375462933,0.0
GAIL+TD3,739,79,49,44,7.01047604366508,6.558917375462933,0.0
GAIL+TD3,739,80,49,44,7.01047604366508,6.558917375462933,0.0
GAIL+TD3,739,81,49,44,7.01047604366508,6.558917375462933,0.0
GAIL+TD3,739,82,49,44,7.01047604366508,6.558917375462933,0.0
GAIL+TD3,739,83,49,44,7.01047604366508,6.558917375462933,0.0
GAIL+TD3,739,84,49,44,7.01047604366508,6.558917375462933,0.0
GAIL+TD3,739,85,49,44,7.01047604366508,6.558917375462933,0.0
GAIL+TD3,739,86,49,44,7.01047604366508,6.558917375462933,0.0
GAIL+TD3,739,87,49,44,7.01047604366508,6.558917375462933,0.0
GAIL+TD3,739,88,49,44,7.01047604366508,6.558917375462933,0.0
GAIL+TD3,739,89,49,44,7.01047604366508,6.558917375462933,0.0
GAIL+TD3,739,90,49,44,7.01047604366508,6.558917375462933,0.0
GAIL+TD3,739,91,49,44,7.01047604366508,6.558917375462933,0.0
GAIL+TD3,739,92,49,44,7.01047604366508,6.558917375462933,0.0
GAIL+TD3,739,93,49,44,7.01047604366508,6.558917375462933,0.0
GAIL+TD3,739,94,49,44,7.01047604366508,6.558917375462933,0.0
GAIL+TD3,739,95,49,44,7.01047604366508,6.558917375462933,0.0
GAIL+TD3,739,96,49,44,7.01047604366508,6.558917375462933,0.0
GAIL+TD3,739,97,49,44,7.01047604366508,6.558917375462933,0.0
GAIL+TD3,739,98,49,44,7.01047604366508,6.558917375462933,0.0
GAIL+TD3,739,99,49,44,7.01047604366508,6.558917375462933,0.0
