algorithm,seed,episode,survival_days,valid_dscr_days_before_minimum_filter,removed_by_minimum_filter,valid_dscr_days,mean_dscr,median_dscr,dscr_below_1_count,dscr_below_1_share_percent
GAIL+TD3,291,5768,98,94,0,94,77.65686721915819,9.333942694044488,0,0
GAIL+TD3,291,5770,98,94,0,94,59.49511216390232,6.512028187224205,0,0
GAIL+TD3,291,5771,98,94,0,94,85.72664788914494,11.110057828213183,0,0
GAIL+TD3,291,5775,98,94,0,94,65.62683399659174,6.974811238885213,0,0
GAIL+TD3,291,5779,93,89,0,89,101.57767697224834,10.153381971907812,1,1.1235955056179776
GAIL+TD3,291,5781,98,94,0,94,69.03691651794296,7.4173598811550345,0,0
GAIL+TD3,291,5783,98,94,0,94,40.91266481109303,5.356244493876982,0,0
GAIL+TD3,291,5784,98,94,0,94,70.56113876588462,7.248747808457829,0,0
GAIL+TD3,291,5788,98,94,0,94,85.97887293607971,8.521919598437709,0,0
GAIL+TD3,291,5789,98,94,0,94,42.739893488340016,5.721708077401818,0,0
GAIL+TD3,291,5790,98,94,0,94,63.61091128938438,6.143390591781289,0,0
GAIL+TD3,291,5791,98,94,0,94,81.78632402814523,10.012372844215294,0,0
GAIL+TD3,291,5793,98,94,0,94,72.01779937460832,7.504000512198332,0,0
GAIL+TD3,291,5796,98,94,0,94,52.34138219288154,7.326630511457044,0,0
GAIL+TD3,291,5797,98,94,0,94,66.35318765012269,7.3677452950094775,0,0
GAIL+TD3,291,5801,98,94,0,94,120.10216844067874,8.02505629536866,0,0
GAIL+TD3,291,5806,98,94,0,94,74.1545365622038,8.0095074106884,0,0
GAIL+TD3,291,5807,95,91,0,91,64.56296617911372,6.573180764340738,1,1.098901098901099
GAIL+TD3,291,5809,98,94,0,94,56.933413001983624,6.153375461422961,0,0
GAIL+TD3,291,5817,94,90,0,90,79.05093890533698,9.57033174639773,0,0
GAIL+TD3,291,5822,96,92,0,92,62.70882850212811,7.073673668458288,1,1.0869565217391304
GAIL+TD3,291,5825,96,92,0,92,81.60899956138284,6.879310648430533,1,1.0869565217391304
GAIL+TD3,291,5826,98,94,0,94,48.0623326186926,5.766264657251075,0,0
GAIL+TD3,291,5828,92,88,0,88,45.46424067978312,5.39478729135598,1,1.1363636363636365
GAIL+TD3,291,5829,98,94,0,94,128.44369358273894,8.513719481013208,0,0
GAIL+TD3,291,5831,98,94,0,94,55.32561393329748,6.311549848582755,0,0
GAIL+TD3,291,5847,98,94,0,94,83.28612352823171,6.941681074821611,0,0
GAIL+TD3,291,5850,98,94,0,94,61.22969934267237,6.713991431108446,0,0
GAIL+TD3,291,5859,95,91,0,91,53.54085942365182,6.77512956788697,1,1.098901098901099
GAIL+TD3,291,5860,98,94,0,94,63.68759055657892,6.153810929368806,0,0
GAIL+TD3,291,5867,98,94,0,94,58.31570006014802,5.890249733245726,1,1.0638297872340425
GAIL+TD3,291,5873,98,94,0,94,64.43380619551877,7.438951667178907,0,0
GAIL+TD3,291,5875,96,92,0,92,56.05540717589315,7.422891449559341,1,1.0869565217391304
GAIL+TD3,291,5876,98,94,0,94,77.55262364452349,6.531452317238795,0,0
GAIL+TD3,291,5877,98,94,0,94,54.50273272905997,5.474756596505822,0,0
GAIL+TD3,291,5880,98,94,0,94,61.32947187348242,6.686874525691534,0,0
GAIL+TD3,291,5881,98,94,0,94,52.77631419032035,6.955486861322557,0,0
GAIL+TD3,291,5886,98,94,0,94,69.98962866149905,7.244352144094693,0,0
GAIL+TD3,291,5890,98,94,0,94,51.36471671423421,5.8217404774669,0,0
GAIL+TD3,291,5896,98,94,0,94,65.03904920250832,7.180114725866521,0,0
GAIL+TD3,291,5900,98,94,0,94,127.75960175766272,8.831793199398431,0,0
GAIL+TD3,291,5910,94,90,0,90,63.21983449624986,6.400643930646159,1,1.1111111111111112
GAIL+TD3,291,5912,98,94,0,94,65.89517114554873,6.387819269821623,0,0
GAIL+TD3,291,5917,98,94,0,94,123.86661716313216,7.642249948491747,0,0
GAIL+TD3,291,5919,98,94,0,94,245.8175822145302,6.816131823828263,0,0
GAIL+TD3,291,5920,98,94,0,94,91.06002332535996,8.407449406478914,0,0
GAIL+TD3,291,5923,98,94,0,94,57.14674946874054,6.268612831872875,0,0
GAIL+TD3,291,5924,98,94,0,94,66.05925968107553,6.779229658956597,0,0
GAIL+TD3,291,5930,98,94,0,94,81.49482526385191,7.244340789742948,0,0
GAIL+TD3,291,5932,97,93,0,93,58.02740220956415,6.741227928073871,1,1.075268817204301
GAIL+TD3,291,5933,98,94,0,94,46.50821556315697,6.353110061550643,0,0
GAIL+TD3,291,5936,98,94,0,94,44.255809324817385,5.680805410784362,0,0
GAIL+TD3,291,5940,98,94,0,94,118.27265413818083,9.466986597314978,0,0
GAIL+TD3,291,5944,98,94,0,94,68.213028085349,5.983082014707074,0,0
GAIL+TD3,291,5948,91,87,0,87,68.33577420751817,8.08125240107568,1,1.1494252873563218
GAIL+TD3,291,5950,98,94,0,94,66.85007257556927,6.366829078199633,0,0
GAIL+TD3,291,5951,98,94,0,94,60.177661943852215,6.471989658289136,0,0
GAIL+TD3,291,5955,98,94,0,94,69.59117129903265,5.888830063872215,0,0
GAIL+TD3,291,5962,98,94,0,94,51.65295858745298,6.130534065259418,0,0
GAIL+TD3,291,5963,98,94,0,94,51.00128636355593,6.631362145677674,0,0
GAIL+TD3,291,5971,98,94,0,94,72.11322021156464,7.399748617111017,0,0
GAIL+TD3,291,5976,98,94,0,94,64.3405402188651,6.5205435784888,0,0
GAIL+TD3,291,5978,98,94,0,94,78.3622253545253,9.04400393422884,0,0
GAIL+TD3,291,5980,98,94,0,94,75.0713111724738,10.609087736654502,0,0
GAIL+TD3,291,5982,98,94,0,94,80.12808689269247,10.768812593271075,0,0
GAIL+TD3,291,5984,98,94,0,94,79.63452349165333,7.493626436449496,0,0
GAIL+TD3,291,5985,98,94,0,94,64.43105799206589,6.6926246316799105,0,0
GAIL+TD3,291,5989,98,94,0,94,63.00188339505116,5.196841252639384,0,0
GAIL+TD3,291,5992,98,94,0,94,58.541504326147496,6.224291959151618,0,0
GAIL+TD3,291,5994,98,94,0,94,54.11265770351402,6.572188023578066,0,0
GAIL+TD3,291,5995,93,89,0,89,60.36440113405397,6.569395699061961,0,0
GAIL+TD3,291,5998,98,94,0,94,86.57486329587933,6.367812299301248,0,0
GAIL+TD3,291,5999,98,94,0,94,54.758096028806655,5.760019898910569,0,0
GAIL+TD3,291,6003,93,89,0,89,46.392724648268675,6.086383687300986,1,1.1235955056179776
GAIL+TD3,291,6005,98,94,0,94,86.70341145407176,8.648152762271573,0,0
GAIL+TD3,291,6011,93,89,0,89,81.14995059555896,6.597650489341733,1,1.1235955056179776
GAIL+TD3,291,6012,98,94,0,94,57.763334524412954,7.379001008589928,0,0
GAIL+TD3,291,6019,98,94,0,94,52.730960535478594,5.947506497059054,0,0
GAIL+TD3,291,6020,98,94,0,94,135.2250476911585,10.118602901152718,0,0
GAIL+TD3,291,6026,98,94,0,94,56.82425161231887,5.442863079786138,0,0
GAIL+TD3,291,6029,92,88,0,88,39.71741043375085,5.618399745408759,1,1.1363636363636365
GAIL+TD3,291,6031,93,89,0,89,61.96286019815584,7.960844028714381,0,0
GAIL+TD3,291,6032,93,89,0,89,76.14734649202684,6.835702610769979,0,0
GAIL+TD3,291,6034,98,94,0,94,73.59425273922604,6.153077965126256,0,0
GAIL+TD3,291,6037,98,94,0,94,128.28656812625744,8.048347125155756,0,0
GAIL+TD3,291,6040,94,90,0,90,62.45358140955467,7.904157408079712,1,1.1111111111111112
GAIL+TD3,291,6042,98,94,0,94,59.30111840524771,7.2475782003349964,0,0
GAIL+TD3,291,6043,98,94,0,94,65.15559536005817,6.862785907290629,0,0
GAIL+TD3,291,6049,98,94,0,94,89.73779215422459,11.073847097843203,0,0
GAIL+TD3,291,6052,98,94,0,94,78.49071033875232,6.073396169206712,0,0
GAIL+TD3,291,6053,98,94,0,94,42.58095465106516,5.124883197684298,0,0
GAIL+TD3,291,6055,98,94,0,94,52.90950427012914,6.508736012233991,0,0
GAIL+TD3,291,6056,98,94,0,94,68.37513581105159,6.42299472995459,0,0
GAIL+TD3,291,6057,97,93,0,93,110.02759575541954,7.090428612800463,1,1.075268817204301
GAIL+TD3,291,6066,98,94,0,94,51.82401435521402,6.135059982299978,0,0
GAIL+TD3,291,6080,92,88,0,88,204.83545612468745,7.945088906085456,1,1.1363636363636365
GAIL+TD3,291,6081,98,94,0,94,64.58569200740358,7.717769522942538,0,0
GAIL+TD3,291,6090,98,94,0,94,69.34706793422015,7.402003005079205,0,0
GAIL+TD3,291,6098,98,94,0,94,67.6771102583455,6.957290889693186,0,0
GAIL+TD3,291,6099,98,94,0,94,64.96549714760393,6.630032341579872,0,0
