algorithm,seed,episode,survival_days,valid_dscr_days,mean_dscr,median_dscr,dscr_below_1_count,dscr_below_1_share_percent
TD3,739,5794,98,94,12.5853813152738,2.4492972585116806,10,10.638297872340425
TD3,739,5795,98,94,18.06427508717501,3.0580486538230764,4,4.25531914893617
TD3,739,5798,98,94,10.13001451859037,2.3876389800175533,7,7.446808510638298
TD3,739,5805,98,94,7.513030732772684,2.1178360092889204,8,8.51063829787234
TD3,739,5806,98,94,16.030306753811676,2.888131007220099,8,8.51063829787234
TD3,739,5807,92,88,11.49209819584185,2.532697500591823,8,9.090909090909092
TD3,739,5809,98,94,11.464254428192067,2.1574943975896135,3,3.1914893617021276
TD3,739,5810,98,94,19.569031179622026,2.8882549231963126,7,7.446808510638298
TD3,739,5813,98,94,15.285515520363159,2.4604853532203856,5,5.319148936170213
TD3,739,5814,98,94,13.088980860622776,2.917264497877577,4,4.25531914893617
TD3,739,5815,98,94,24.961574350414686,3.362702072345961,8,8.51063829787234
TD3,739,5820,98,94,14.28911591382901,2.4321238327643266,3,3.1914893617021276
TD3,739,5821,98,94,22.63628094221606,3.2452545178513574,9,9.574468085106384
TD3,739,5823,98,94,7.674235618189036,2.2719222091045754,1,1.0638297872340425
TD3,739,5825,98,94,19.89923455525174,3.0482391400924724,5,5.319148936170213
TD3,739,5828,96,92,16.107477497206002,2.4537046209671436,8,8.695652173913043
TD3,739,5829,97,93,8.629782554599831,2.1097214696328948,5,5.376344086021505
TD3,739,5835,98,94,10.242243828567263,2.3810587369878444,5,5.319148936170213
TD3,739,5836,98,94,16.613175815418494,2.328490673264211,1,1.0638297872340425
TD3,739,5837,98,94,10.503454261795286,2.360491725096483,5,5.319148936170213
TD3,739,5838,98,94,8.481064735454684,2.389270844425744,6,6.382978723404255
TD3,739,5839,98,94,16.4249271582522,2.356696383984431,5,5.319148936170213
TD3,739,5841,98,94,16.434184086462388,2.369366290000607,4,4.25531914893617
TD3,739,5843,98,94,23.42775770018601,2.9247539212372193,5,5.319148936170213
TD3,739,5845,98,94,17.070598076038333,2.7839736694148525,6,6.382978723404255
TD3,739,5846,98,94,13.147617583373,2.3236796194387876,7,7.446808510638298
TD3,739,5848,98,94,20.498300499414643,2.9674352803613724,6,6.382978723404255
TD3,739,5849,95,91,17.340111881532437,2.366282174516715,15,16.483516483516482
TD3,739,5851,98,94,9.066559159132792,2.7372908208142324,4,4.25531914893617
TD3,739,5852,98,94,9.737576933508985,2.374352663832794,7,7.446808510638298
TD3,739,5853,93,89,18.39213586601665,2.4663236862934035,5,5.617977528089888
TD3,739,5854,98,94,9.423004019430163,2.186473752710126,4,4.25531914893617
TD3,739,5855,93,89,14.15173434217536,2.4352115204340103,6,6.741573033707865
TD3,739,5857,98,94,8.393606256312825,2.2602859776446493,3,3.1914893617021276
TD3,739,5858,97,93,20.66248713666549,2.897385267892719,12,12.903225806451612
TD3,739,5861,98,94,9.596234728802234,2.2274967389975977,8,8.51063829787234
TD3,739,5863,98,94,14.45667465306696,2.533085627994266,4,4.25531914893617
TD3,739,5867,98,94,8.60027355047875,2.168697613029135,2,2.127659574468085
TD3,739,5868,98,94,15.534019627716587,2.5557978217328206,5,5.319148936170213
TD3,739,5869,98,94,11.157690691863886,2.439288264854894,3,3.1914893617021276
TD3,739,5871,98,94,13.6068738505587,2.31006524198882,7,7.446808510638298
TD3,739,5873,98,94,21.47165070388152,2.9043927368489384,6,6.382978723404255
TD3,739,5876,98,94,22.923093788393732,3.116127207458624,4,4.25531914893617
TD3,739,5877,98,94,14.684441902216564,2.5150423477348607,6,6.382978723404255
TD3,739,5878,98,94,11.146821601066021,2.331115461255523,9,9.574468085106384
TD3,739,5879,98,94,12.747081053899144,2.6319695289150005,8,8.51063829787234
TD3,739,5881,98,94,14.971427115828929,2.8748012694558662,9,9.574468085106384
TD3,739,5882,98,94,16.182382435471048,2.750095088247598,4,4.25531914893617
TD3,739,5883,98,94,16.91230454232238,2.7886699818931806,9,9.574468085106384
TD3,739,5887,98,94,10.758511519931023,2.6813577320149253,8,8.51063829787234
TD3,739,5888,91,87,13.486125415099401,2.4562198500605152,9,10.344827586206897
TD3,739,5892,98,94,20.108821093063465,2.5291159970500208,5,5.319148936170213
TD3,739,5893,98,94,22.136699383986727,3.2312052178366377,6,6.382978723404255
TD3,739,5894,98,94,16.932976622253193,2.812051792294228,5,5.319148936170213
TD3,739,5896,98,94,21.406545796287617,2.7786701198567387,5,5.319148936170213
TD3,739,5898,98,94,17.563040570295055,2.8168732015436397,8,8.51063829787234
TD3,739,5899,98,94,15.196131498266102,2.78364592828408,8,8.51063829787234
TD3,739,5900,98,94,14.387862632162076,2.5469825133441586,8,8.51063829787234
TD3,739,5902,98,94,11.445997039879055,2.4409204895903724,7,7.446808510638298
TD3,739,5904,98,94,18.218620827940484,3.025137812551225,7,7.446808510638298
TD3,739,5905,98,94,13.770434964406936,2.279879604387274,3,3.1914893617021276
TD3,739,5907,96,92,14.027071609612394,2.3913957475517558,6,6.521739130434782
TD3,739,5908,98,94,8.894381627308269,2.2383624533420052,7,7.446808510638298
TD3,739,5910,98,94,23.271333334125583,2.7286790072465053,3,3.1914893617021276
TD3,739,5911,98,94,12.646023806455373,2.462563805515644,6,6.382978723404255
TD3,739,5914,98,94,15.597864143174286,2.8017125064582538,8,8.51063829787234
TD3,739,5917,98,94,12.460974957755242,2.230478568441499,4,4.25531914893617
TD3,739,5920,98,94,20.018760759187387,2.8303803752935166,7,7.446808510638298
TD3,739,5924,98,94,13.467401845912157,2.658971207668766,4,4.25531914893617
TD3,739,5926,98,94,13.213529902886068,2.907303048164431,8,8.51063829787234
TD3,739,5931,98,94,20.578493547087568,2.633863969640383,6,6.382978723404255
TD3,739,5935,98,94,14.16721239235912,2.972064041784269,6,6.382978723404255
TD3,739,5940,98,94,12.293612000503797,2.4829238016209763,7,7.446808510638298
TD3,739,5942,98,94,15.81022967994853,2.5226152895137286,6,6.382978723404255
TD3,739,5944,98,94,18.956221160722883,3.041181213852868,5,5.319148936170213
TD3,739,5945,98,94,10.44506315146524,2.750137375167409,9,9.574468085106384
TD3,739,5948,98,94,16.045881885978105,2.716824886811211,5,5.319148936170213
TD3,739,5949,91,87,8.263460374961623,2.211314681069048,7,8.045977011494253
TD3,739,5950,98,94,15.025234435348333,2.395552110121049,5,5.319148936170213
TD3,739,5951,98,94,7.11652486807555,2.267888030959524,6,6.382978723404255
TD3,739,5952,97,93,10.69946698211483,2.7429978007105396,7,7.526881720430108
TD3,739,5954,98,94,15.63261352187694,2.8547140439672662,8,8.51063829787234
TD3,739,5955,98,94,21.306248276590566,3.0386328401071316,8,8.51063829787234
TD3,739,5956,98,94,11.630207446659604,2.372833286038828,9,9.574468085106384
TD3,739,5960,98,94,10.312992004274507,2.3363501399907194,6,6.382978723404255
TD3,739,5964,98,94,18.98560083061115,2.723748261413113,6,6.382978723404255
TD3,739,5967,98,94,15.31274251553199,2.4943076444187113,6,6.382978723404255
TD3,739,5968,98,94,6.752400590532291,1.9637548594556957,4,4.25531914893617
TD3,739,5969,98,94,7.515493854521546,2.3210923486509305,10,10.638297872340425
TD3,739,5971,98,94,8.433709545718267,2.41763561578498,5,5.319148936170213
TD3,739,5972,98,94,18.759735094888875,3.0838264313580037,4,4.25531914893617
TD3,739,5977,98,94,9.354431322184638,2.4006987725213933,6,6.382978723404255
TD3,739,5978,98,94,9.974607788887221,2.3033161104200444,6,6.382978723404255
TD3,739,5979,98,94,23.2518878569609,2.999099215364038,8,8.51063829787234
TD3,739,5981,98,94,16.09701825101269,2.8020355052380963,3,3.1914893617021276
TD3,739,5986,98,94,6.099679798641171,2.131189697595442,2,2.127659574468085
TD3,739,5989,98,94,11.240118076391855,2.3556013833157063,8,8.51063829787234
TD3,739,5993,97,93,12.006617974570691,2.4831619881740474,5,5.376344086021505
TD3,739,5994,98,94,9.799727098531212,2.0957796367050685,4,4.25531914893617
TD3,739,5999,97,93,13.368907406215554,2.386625839060787,8,8.602150537634408
