participant_id,seed,episode,day,auto_policy,decision_seconds,state_0_现金,state_1_存货,state_2_欠款总额,state_3_上一天售出数量,state_4_上一天产出数量,state_5_上一天销售价格,state_6_今天预设销售价格,state_7_上一天贷款意愿,state_8_上一天实际获得贷款,state_9_今天待还本金,state_10_今天待还利息,state_11_上一天A采购需求,state_12_上一天B采购需求,state_13_上一天甲公司向甲公司购买价格,state_14_上一天甲公司向甲公司购买数量,state_15_上一天甲公司向乙公司购买价格,state_16_上一天甲公司向乙公司购买数量,state_17_上一天甲公司向第三方市场购买A价格,state_18_上一天甲公司向第三方市场购买A数量,state_19_上一天甲公司向第三方市场购买B价格,state_20_上一天甲公司向第三方市场购买B数量,state_21_上一天乙公司向甲公司购买价格,state_22_上一天乙公司向甲公司购买数量,state_23_上一天乙公司向乙公司购买价格,state_24_上一天乙公司向乙公司购买数量,state_25_上一天乙公司向第三方市场购买A价格,state_26_上一天乙公司向第三方市场购买A数量,state_27_上一天乙公司向第三方市场购买B价格,state_28_上一天乙公司向第三方市场购买B数量,state_29_今天产品A报价：甲公司,state_30_今天产品A报价：第三方市场,state_31_今天产品B报价：乙公司,state_32_今天产品B报价：第三方市场,human_申请贷款金额,human_原料A采购需求,human_原料B采购需求,human_产品A销售价格,model_action_WNDF,model_action_K,model_action_L,model_action_price
1+,184,0,1,td3,7.277,0.1,0.125,0.1,1.0,1.25,0.8,0.8,0.1,0.1,0.0,0.05,0.5,0.5,0.8,0.5,0.8,0.5,0.0,0.0,0.0,0.0,0.8,0.5,0.8,0.5,0.0,0.0,0.0,0.0,0.8,10.0,0.8,10.0,0.0,5.5,5.5,12.0,-0.5,0.10000000000000009,0.10000000000000009,0.5
1+,184,0,2,td3,6.993,0.10542,0.1451,0.1,1.174,1.375,0.8,1.2,0.0,0.0,0.0,0.05,0.55,0.55,0.8,0.55,0.8,0.55,0.0,0.0,0.0,0.0,0.8,0.624,0.8,0.542,0.0,0.0,0.0,0.0,1.2,10.0,1.1999062299728394,10.0,0.0,6.05,6.05,18.0,-0.5,0.09999999999999987,0.09999999999999987,0.5
1+,184,0,3,td3,6.353,0.13336,0.14335,0.1,1.1149999999999998,1.0975,1.2,1.8,0.0,0.0,0.0,0.05,0.6049999999999999,0.6049999999999999,1.2,0.43899999999999995,1.1999062299728394,0.43899999999999995,0.0,0.0,0.0,0.0,1.2,0.6759999999999999,1.1999062299728394,0.595,0.0,0.0,0.0,0.0,1.8,10.0,1.5232982516245563,10.0,0.0,6.655,6.655,18.0,-0.5,0.10000000000000031,0.10000000000000031,0.0
1+,184,0,4,td3,3.561,0.1805,0.14309999999999998,0.1,1.0050000000000001,1.0025,1.8,1.8,0.0,0.0,0.0,0.05,0.6655000000000001,0.6655000000000001,1.8,0.40099999999999997,1.5232982516245563,0.40099999999999997,0.0,0.0,0.0,0.0,1.8,0.604,1.5232982516245563,0.603,0.0,0.0,0.0,0.0,1.8,10.0,2.277954614168111,10.0,0.0,7.3205,7.3205,19.8,-0.5,0.09999999999999987,0.09999999999999987,0.10000000000000009
1+,184,0,5,td3,5.288,0.20221,0.14115,0.1,1.127,1.1075,1.8,1.98,0.0,0.0,0.1,0.05,0.73205,0.73205,1.8,0.44299999999999995,2.277954614168111,0.44299999999999995,0.0,0.0,0.0,0.0,1.8,0.6839999999999999,2.277954614168111,0.72,0.0,0.0,0.0,0.0,1.98,10.0,2.7242666336689507,10.0,0.0,8.0526,8.0526,23.958,-0.5,0.10000683013455358,0.10000683013455358,0.20999999999999996
1+,184,0,6,td3,11.932,0.13347,0.13044999999999998,0.0,1.182,1.075,1.98,2.3958,0.0,0.0,0.0,0.0,0.80526,0.80526,1.98,0.43,2.7242666336689507,0.43,0.0,0.0,0.0,0.0,1.98,0.752,2.7242666336689507,0.8089999999999999,0.0,0.0,0.0,0.0,2.3958,10.0,2.6006282908071237,10.0,10.0,8.0526,8.0526,23.958,-0.4250767962838091,0.0,0.0,0.0
1+,184,0,7,td3,7.915,0.27079000000000003,0.08919999999999999,0.00999,1.1300000000000001,0.7175,2.3958,2.3958,0.009999999999999997,0.00999,0.0,0.005,0.80526,0.80526,2.3958,0.28700000000000003,2.6006282908071237,0.28700000000000003,0.0,0.0,0.0,0.0,2.3958,0.843,2.6006282908071237,0.8630000000000001,0.0,0.0,0.0,0.0,2.3958,10.0,2.9562854012372437,10.0,0.0,8.0526,8.0526,28.9892,-0.5,0.0,0.0,0.21000083479422327
1+,184,0,8,td3,9.057,0.21306999999999998,0.10625,0.00999,0.8879999999999999,1.0625,2.3958,2.89892,0.0,0.0,0.0,0.005,0.80526,0.80526,2.3958,0.4,2.9562854012372437,0.506,10.0,0.025,0.0,0.0,2.3958,0.488,2.9562854012372437,0.9810000000000001,10.0,0.13,0.0,0.0,2.89892,10.0,3.710642120311893,10.0,7.0,8.0526,8.0526,31.3827,-0.4671469470127188,0.0,0.0,0.0825652311895464
1+,184,0,9,td3,7.809,0.20546,0.1186,0.016989999999999998,0.709,0.8324999999999999,2.89892,3.13827,0.007000000000000004,0.007,0.0,0.008,0.80526,0.80526,2.89892,0.333,3.710642120311893,0.333,0.0,0.0,0.0,0.0,2.89892,0.376,3.710642120311893,0.62,0.0,0.0,0.0,0.0,3.13827,10.0,4.885440354116328,10.0,0.0,8.0526,8.0526,47.074,-0.5,0.0,0.0,0.49999840676551077
1+,184,0,10,td3,15.679,0.16975,0.1285,0.016989999999999998,0.541,0.64,3.13827,4.7074,0.0,0.0,0.0,0.008,0.80526,0.80526,3.13827,0.256,4.885440354116328,0.256,0.0,0.0,0.0,0.0,3.13827,0.28500000000000003,4.885440354116328,0.572,0.0,0.0,0.0,0.0,4.7074,10.0,2.847202320167166,10.0,0.0,5.8703,5.8703,31.3278,-0.5,-0.2710056379306063,-0.2710056379306063,-0.33449887411309853
1+,184,0,11,td3,11.127,0.2859,0.12394999999999999,0.016989999999999998,0.608,0.5625,4.7074,3.13278,0.0,0.0,0.00999,0.008,0.58703,0.58703,4.7074,0.225,2.847202320167166,0.225,0.0,0.0,0.0,0.0,4.7074,0.383,2.847202320167166,0.761,0.0,0.0,0.0,0.0,3.13278,10.0,4.103453796134752,10.0,0.0,5.8116,5.8116,37.9067,-0.5,-0.0099994889528644,-0.0099994889528644,0.2100019790729002
1+,184,0,12,td3,6.667,0.24781999999999998,0.1404,0.007,0.8230000000000001,0.9875,3.13278,3.79067,0.0,0.0,0.0,0.004,0.58116,0.58116,3.13278,0.395,4.103453796134752,0.395,0.0,0.0,0.0,0.0,3.13278,0.42800000000000005,4.103453796134752,0.779,0.0,0.0,0.0,0.0,3.79067,10.0,4.880925619822626,10.0,0.0,6.3928,6.3928,45.8671,-0.5,0.10000688278615177,0.10000688278615177,0.20999981533607515
1+,184,0,13,td3,6.837,0.28484,0.1367,0.007,0.752,0.715,3.79067,4.58671,0.0,0.0,0.007,0.004,0.6392800000000001,0.6392800000000001,3.79067,0.286,4.880925619822626,0.286,0.0,0.0,0.0,0.0,3.79067,0.466,4.880925619822626,0.8480000000000001,0.0,0.0,0.0,0.0,4.58671,10.0,5.242175905719105,10.0,0.0,5.7535,5.7535,55.4992,-0.5,-0.1000031285195847,-0.1000031285195847,0.2100001962190765
1+,184,0,14,td3,29.257,0.30283,0.14159999999999998,0.0,0.6759999999999999,0.725,4.58671,5.54992,0.0,0.0,0.0,0.0,0.5753499999999999,0.5753499999999999,4.58671,0.29,5.242175905719105,0.29,0.0,0.0,0.0,0.0,4.58671,0.386,5.242175905719105,0.613,0.0,0.0,0.0,0.0,5.54992,10.0,4.683362836782274,10.0,15.0,5.1781,5.1781,53.8507,-0.45046725885810524,-0.10000869036238802,-0.10000869036238802,-0.02970313085594023
1+,184,0,15,td3,10.617,0.40916,0.14554999999999998,0.015,0.7379999999999999,0.7775,5.54992,5.385070000000001,0.01499999999999999,0.015,0.0,0.008,0.51781,0.51781,5.54992,0.311,4.683362836782274,0.311,0.0,0.0,0.0,0.0,5.54992,0.42699999999999994,4.683362836782274,0.705,0.0,0.0,0.0,0.0,5.385070000000001,10.0,5.691090513828253,10.0,0.0,4.6603,4.6603,59.2358,-0.5,-0.0999980687897104,-0.0999980687897104,0.10000055709582223
1+,184,0,16,td3,10.951,0.41341,0.1611,0.015,0.767,0.9225,5.385070000000001,5.923579999999999,0.0,0.0,0.0,0.008,0.46603000000000006,0.46603000000000006,5.385070000000001,0.369,5.691090513828253,0.369,0.0,0.0,0.0,0.0,5.385070000000001,0.398,5.691090513828253,0.655,0.0,0.0,0.0,0.0,5.923579999999999,10.0,5.69750667825326,10.0,0.0,5.1263,5.1263,65.1594,-0.5,0.09999356264618142,0.09999356264618142,0.1000003376336609
1+,184,0,17,td3,18.386,0.49542,0.1664,0.015,0.837,0.89,5.923579999999999,6.5159400000000005,0.0,0.0,0.0,0.008,0.5126299999999999,0.5126299999999999,5.923579999999999,0.356,5.69750667825326,0.356,0.0,0.0,0.0,0.0,5.923579999999999,0.481,5.69750667825326,0.741,0.0,0.0,0.0,0.0,6.5159400000000005,10.0,6.056225809765543,10.0,0.0,5.6389,5.6389,65.1594,-0.5,0.09999414782591742,0.09999414782591742,0.0
1+,184,0,18,td3,14.242,0.5590599999999999,0.17910000000000004,0.015,0.858,0.985,6.5159400000000005,6.5159400000000005,0.0,0.0,0.0,0.008,0.56389,0.56389,6.5159400000000005,0.394,6.056225809765543,0.394,0.0,0.0,0.0,0.0,6.5159400000000005,0.46399999999999997,6.056225809765543,0.6639999999999999,0.0,0.0,0.0,0.0,6.5159400000000005,10.0,5.984238556078824,10.0,0.0,6.2028,6.2028,64.5078,-0.5,0.10000177339552052,0.10000177339552052,-0.010000092081879242
1+,184,0,19,td3,10.633,0.6394299999999999,0.19275000000000006,0.015,0.9809999999999999,1.1175,6.5159400000000005,6.45078,0.0,0.0,0.015,0.008,0.62028,0.62028,6.5159400000000005,0.44699999999999995,5.984238556078824,0.44699999999999995,0.0,0.0,0.0,0.0,6.5159400000000005,0.534,5.984238556078824,0.776,0.0,0.0,0.0,0.0,6.45078,10.0,6.1318492518116665,10.0,0.0,6.8231,6.8231,64.5078,-0.5,0.1000032243502933,0.1000032243502933,0.0
1+,184,0,20,td3,12.32,0.74054,0.20265000000000005,0.0,1.171,1.27,6.45078,6.45078,0.0,0.0,0.0,0.0,0.68231,0.68231,6.45078,0.508,6.1318492518116665,0.508,0.0,0.0,0.0,0.0,6.45078,0.663,6.1318492518116665,0.851,0.0,0.0,0.0,0.0,6.45078,10.0,6.254028941720709,10.0,17.0,7.5054,7.5054,70.9586,-0.4770437788640722,0.0999985343905263,0.0999985343905263,0.10000031004002619
1+,184,0,21,td3,8.136,0.9252400000000001,0.20590000000000003,0.00478,1.435,1.4675,6.45078,7.09586,0.01699999999999999,0.00478,0.0,0.002,0.75054,0.75054,6.45078,0.587,6.254028941720709,0.587,0.0,0.0,0.0,0.0,6.45078,0.8480000000000001,6.254028941720709,1.045,0.0,0.0,0.0,0.0,7.09586,10.0,6.111649487979783,10.0,0.0,8.2559,8.2559,70.9586,-0.5,0.09999467050390387,0.09999467050390387,0.0
1+,184,0,22,td3,10.421,1.30075,0.19775,0.00478,1.834,1.7525,7.09586,7.09586,0.0,0.0,0.0,0.002,0.82559,0.82559,7.09586,0.701,6.111649487979783,0.701,0.0,0.0,0.0,0.0,7.09586,1.133,6.111649487979783,1.163,0.0,0.0,0.0,0.0,7.09586,10.0,6.7163167809587225,10.0,6.0,10.9887,10.9887,70.9586,-0.4953872765712089,0.33101176128586807,0.33101176128586807,0.0
1+,184,0,23,td3,11.48,1.3947,0.2314,0.00597,1.966,2.3024999999999998,7.09586,7.09586,0.006000000000000022,0.0011899999999999999,0.0,0.003,1.0988699999999998,1.0988699999999998,7.09586,0.868,6.7163167809587225,0.943,10.0,0.053000000000000005,0.0,0.0,7.09586,1.098,6.7163167809587225,1.393,10.0,0.096,0.0,0.0,7.09586,10.0,7.143212741523837,10.0,6.0,12.0876,12.0876,78.0545,-0.4956979995698,0.10000273007726146,0.10000273007726146,0.10000056370897958
1+,184,0,24,td3,16.578,1.12738,0.3176,0.00728,1.588,2.45,7.09586,7.80545,0.005999999999999961,0.00131,0.0,0.004,1.20876,1.20876,7.09586,0.9800000000000001,7.143212741523837,0.9800000000000001,0.0,0.0,0.0,0.0,7.09586,0.608,7.143212741523837,1.041,0.0,0.0,0.0,0.0,7.80545,10.0,5.720768512053999,10.0,0.0,10.8788,10.8788,56.3328,-0.5,-0.10000330917634603,-0.10000330917634603,-0.2782888878924342
1+,184,0,25,td3,16.239,1.35095,0.35284999999999994,0.00728,1.73,2.0825,7.80545,5.63328,0.0,0.0,0.00478,0.004,1.08788,1.08788,7.80545,0.833,5.720768512053999,0.833,0.0,0.0,0.0,0.0,7.80545,0.897,5.720768512053999,1.315,0.0,0.0,0.0,0.0,5.63328,10.0,7.2111145461227535,10.0,0.0,9.7909,9.7909,68.1627,-0.5,-0.10000183843806298,-0.10000183843806298,0.21000021301976823
1+,184,0,26,td3,6.984,1.37192,0.36979999999999996,0.0025,2.278,2.4475,5.63328,6.81627,0.0,0.0,0.0,0.001,0.97909,0.97909,5.63328,0.9789999999999999,7.2111145461227535,0.9789999999999999,0.0,0.0,0.0,0.0,5.63328,1.299,7.2111145461227535,1.53,0.0,0.0,0.0,0.0,6.81627,10.0,6.355868707048564,10.0,0.0,11.847,11.847,82.4769,-0.5,0.21000112349222233,0.21000112349222233,0.21000048413575167
1+,184,0,27,td3,6.837,1.8438599999999998,0.35969999999999996,0.0025,2.7060000000000004,2.605,6.81627,8.24769,0.0,0.0,0.0011899999999999999,0.001,1.1846999999999999,1.1846999999999999,6.81627,1.042,6.355868707048564,1.042,0.0,0.0,0.0,0.0,6.81627,1.6640000000000001,6.355868707048564,1.778,0.0,0.0,0.0,0.0,8.24769,10.0,8.265222171076394,10.0,0.0,14.3349,14.3349,90.7246,-0.5,0.210002532286655,0.210002532286655,0.10000012124606994
1+,184,0,28,td3,11.957,2.19287,0.37284999999999996,0.00131,2.661,2.7925,8.24769,9.072459999999998,0.0,0.0,0.00131,0.001,1.4334900000000002,1.4334900000000002,8.24769,1.117,8.265222171076394,1.117,0.0,0.0,0.0,0.0,8.24769,1.544,8.265222171076394,1.923,0.0,0.0,0.0,0.0,9.072459999999998,10.0,7.57804691384609,10.0,0.0,15.7684,15.7684,80.0273,-0.5,0.10000069759816932,0.10000069759816932,-0.11790958571324628
1+,184,0,29,td3,11.781,2.96174,0.37549999999999994,0.0,3.2659999999999996,3.2924999999999995,9.072459999999998,8.00273,0.0,0.0,0.0,0.0,1.5768399999999998,1.5768399999999998,9.072459999999998,1.317,7.57804691384609,1.317,0.0,0.0,0.0,0.0,9.072459999999998,1.9489999999999998,7.57804691384609,2.146,0.0,0.0,0.0,0.0,8.00273,10.0,8.388924193794475,10.0,0.0,19.0797,19.0797,80.0273,-0.5,0.20999594124958798,0.20999594124958798,0.0
1+,184,0,30,td3,12.338,3.0028200000000003,0.4462499999999999,0.0,3.752,4.4624999999999995,8.00273,8.00273,0.0,0.0,0.0,0.0,1.90797,1.90797,8.00273,1.6989999999999998,8.388924193794475,1.807,10.0,0.086,0.0,0.0,8.00273,2.053,8.388924193794475,2.427,10.0,0.131,0.0,0.0,8.00273,10.0,8.054473431487589,10.0,0.0,20.9877,20.9877,88.03,-0.5,0.10000157235176665,0.10000157235176665,0.09999962512792515
1+,184,0,31,td3,12.011,2.38333,0.6159499999999999,0.0,2.978,4.675,8.00273,8.803,0.0,0.0,0.0,0.0,2.09877,2.09877,8.00273,1.8699999999999999,8.054473431487589,1.8699999999999999,0.0,0.0,0.0,0.0,8.00273,1.108,8.054473431487589,3.003,0.0,0.0,0.0,0.0,8.803,10.0,6.629106113515631,10.0,0.0,18.8889,18.8889,44.015,-0.5,-0.10000142940865364,-0.10000142940865364,-0.5
1+,184,0,32,td3,15.388,2.80965,0.68285,0.0,3.191,3.8600000000000003,8.803,4.4015,0.0,0.0,0.0,0.0,1.88889,1.88889,8.803,1.544,6.629106113515631,1.544,0.0,0.0,0.0,0.0,8.803,1.6469999999999998,6.629106113515631,1.673,0.0,0.0,0.0,0.0,4.4015,10.0,7.998029524005553,10.0,0.0,17.0,17.0,58.584,-0.5,-0.10000052941145332,-0.10000052941145332,0.33100079518346015
1+,184,0,33,td3,9.177,2.2167199999999996,0.7636499999999999,0.0,3.442,4.25,4.4015,5.8584,0.0,0.0,0.0,0.0,1.7,1.7,4.4015,1.7,7.998029524005553,1.7,0.0,0.0,0.0,0.0,4.4015,1.7420000000000002,7.998029524005553,2.051,0.0,0.0,0.0,0.0,5.8584,10.0,8.960413454492528,10.0,0.0,17.0,17.0,85.7728,-0.5,0.0,0.0,0.46409941280895817
1+,184,0,34,td3,8.687,1.88974,0.8150499999999999,0.0,3.2260000000000004,3.7400000000000007,5.8584,8.57728,0.0,0.0,0.0,0.0,1.7,1.7,5.8584,1.496,8.960413454492528,1.496,0.0,0.0,0.0,0.0,5.8584,1.73,8.960413454492528,2.0989999999999998,0.0,0.0,0.0,0.0,8.57728,10.0,7.19411649549191,10.0,0.0,15.3,15.3,69.4759,-0.5,-0.09999999999999998,-0.09999999999999998,-0.19000079279212068
1+,184,0,35,td3,12.638,2.74505,0.79455,0.0,3.2,2.995,8.57728,6.94759,0.0,0.0,0.0,0.0,1.53,1.53,8.57728,1.198,7.19411649549191,1.198,0.0,0.0,0.0,0.0,8.57728,2.002,7.19411649549191,2.55,0.0,0.0,0.0,0.0,6.94759,10.0,8.821153674677815,10.0,0.0,15.3,15.3,83.2251,-0.5,0.0,0.0,0.19789883974155065
1+,184,0,36,td3,7.589,2.7369899999999996,0.83095,0.0,3.461,3.825,6.94759,8.32251,0.0,0.0,0.0,0.0,1.53,1.53,6.94759,1.53,8.821153674677815,1.53,0.0,0.0,0.0,0.0,6.94759,1.9309999999999998,8.821153674677815,2.282,0.0,0.0,0.0,0.0,8.32251,10.0,7.415340958728163,10.0,0.0,16.83,16.83,74.9026,-0.5,0.09999999999999987,0.09999999999999987,-0.09999987984394121
1+,184,0,37,td3,8.888,3.34408,0.8604999999999999,0.0,3.912,4.2075,8.32251,7.490260000000001,0.0,0.0,0.0,0.0,1.6829999999999998,1.6829999999999998,8.32251,1.6829999999999998,7.415340958728163,1.6829999999999998,0.0,0.0,0.0,0.0,8.32251,2.229,7.415340958728163,2.768,0.0,0.0,0.0,0.0,7.490260000000001,10.0,8.888188624400662,10.0,0.0,18.513,18.513,82.3929,-0.5,0.10000000000000031,0.10000000000000031,0.10000053402685616
1+,184,0,38,td3,6.234,3.62612,0.8808499999999999,0.0,4.424,4.6275,7.490260000000001,8.23929,0.0,0.0,0.0,0.0,1.8513000000000002,1.8513000000000002,7.490260000000001,1.8510000000000002,8.888188624400662,1.8510000000000002,0.0,0.0,0.0,0.0,7.490260000000001,2.573,8.888188624400662,2.896,0.0,0.0,0.0,0.0,8.23929,10.0,7.303979064400204,10.0,0.0,20.3643,20.3643,81.3929,-0.5,0.09999999999999987,0.09999999999999987,-0.012136968112543722
1+,184,0,39,td3,13.683,4.03242,0.9564499999999998,0.0,4.3340000000000005,5.09,8.23929,8.139289999999999,0.0,0.0,0.0,0.0,2.03643,2.03643,8.23929,2.036,7.303979064400204,2.036,0.0,0.0,0.0,0.0,8.23929,2.298,7.303979064400204,3.0100000000000002,0.0,0.0,0.0,0.0,8.139289999999999,10.0,8.9450031707111,10.0,0.0,21.3643,21.3643,82.3929,-0.5,0.04910554254258681,0.04910554254258681,0.012286083921324797
1+,184,0,40,td3,6.406,4.48379,0.9866499999999999,0.0,5.037999999999999,5.34,8.139289999999999,8.23929,0.0,0.0,0.0,0.0,2.13643,2.13643,8.139289999999999,2.136,8.9450031707111,2.136,0.0,0.0,0.0,0.0,8.139289999999999,2.902,8.9450031707111,2.902,0.0,0.0,0.0,0.0,8.23929,10.0,6.860795747099923,10.0,0.0,21.3643,21.3643,74.1536,-0.5,0.0,0.0,-0.10000012136968117
1+,184,0,41,td3,11.566,4.32013,1.14905,0.0,3.7159999999999997,5.34,8.23929,7.41536,0.0,0.0,0.0,0.0,2.13643,2.13643,8.23929,2.136,6.860795747099923,2.136,0.0,0.0,0.0,0.0,8.23929,1.58,6.860795747099923,2.898,0.0,0.0,0.0,0.0,7.41536,10.0,9.637411182901824,10.0,0.0,21.1506,21.1506,81.569,-0.5,-0.010002668002227932,-0.010002668002227932,0.10000053942087783
1+,184,0,42,td3,9.68,3.88502,1.2501,0.0,4.276999999999999,5.2875,7.41536,8.1569,0.0,0.0,0.0,0.0,2.11506,2.11506,7.41536,2.1149999999999998,9.637411182901824,2.1149999999999998,0.0,0.0,0.0,0.0,7.41536,2.162,9.637411182901824,2.168,0.0,0.0,0.0,0.0,8.1569,10.0,4.910989063508753,10.0,0.0,20.9391,20.9391,66.0709,-0.5,-0.009999716320104435,-0.009999716320104435,-0.18999987740440616
1+,184,0,43,td3,5.491,3.93092,1.4325,0.0,3.411,5.235,8.1569,6.6070899999999995,0.0,0.0,0.0,0.0,2.09391,2.09391,8.1569,2.0940000000000003,4.910989063508753,2.0940000000000003,0.0,0.0,0.0,0.0,8.1569,1.317,4.910989063508753,2.8760000000000003,0.0,0.0,0.0,0.0,6.6070899999999995,10.0,7.364042329156186,10.0,0.0,20.9391,20.9391,72.678,-0.5,-2.220446049250313e-16,-2.220446049250313e-16,0.10000015135256213
1+,184,0,44,td3,11.459,3.4751,1.5822,0.0,3.7380000000000004,5.235,6.6070899999999995,7.267799999999999,0.0,0.0,0.0,0.0,2.0939099999999997,2.0939099999999997,6.6070899999999995,2.0940000000000003,7.364042329156186,2.0940000000000003,0.0,0.0,0.0,0.0,6.6070899999999995,1.6440000000000001,7.364042329156186,1.861,0.0,0.0,0.0,0.0,7.267799999999999,10.0,8.425355299361152,10.0,0.0,20.9391,20.9391,78.1463,-0.5,2.220446049250313e-16,2.220446049250313e-16,0.07524010016786375
1+,184,0,45,td3,8.951,2.54735,1.7812000000000001,0.0,3.245,5.235,7.267799999999999,7.814629999999999,0.0,0.0,0.0,0.0,2.09391,2.09391,7.267799999999999,2.0940000000000003,8.425355299361152,2.0940000000000003,0.0,0.0,0.0,0.0,7.267799999999999,1.151,8.425355299361152,1.7289999999999999,0.0,0.0,0.0,0.0,7.814629999999999,10.0,8.372009219567328,10.0,10.0,16.9607,16.9607,78.1463,-0.4960743517773372,-0.18999861503120974,-0.18999861503120974,0.0
1+,184,0,46,td3,22.655,2.2752,1.8835,0.0,2.912,3.935,7.814629999999999,7.814629999999999,0.010000000000000033,0.0,0.0,0.0,1.6960699999999995,1.6960699999999995,7.814629999999999,1.574,8.372009219567328,1.574,0.0,0.0,0.0,0.0,7.814629999999999,1.338,8.372009219567328,2.054,0.0,0.0,0.0,0.0,7.814629999999999,10.0,7.696068686884803,10.0,10.0,16.7911,16.7911,77.3648,-0.49560478199718705,-0.009999587281185107,-0.009999587281185107,-0.010000473470912818
1+,184,0,47,td3,11.507,2.34597,1.9504499999999998,0.00256,3.003,3.6725000000000003,7.814629999999999,7.73648,0.010000000000000024,0.00256,0.0,0.001,1.67911,1.67911,7.814629999999999,1.4689999999999999,7.696068686884803,1.4689999999999999,0.0,0.0,0.0,0.0,7.814629999999999,1.534,7.696068686884803,2.141,0.0,0.0,0.0,0.0,7.73648,10.0,8.89822287797112,10.0,10.0,17.7911,17.7911,80.3648,-0.495737370895621,0.0595553596845948,0.0595553596845948,0.03877732508841225
1+,184,0,48,td3,14.402,2.15548,2.0245,0.0030800000000000003,2.787,3.5275,7.73648,8.036480000000001,0.010000000000000057,0.0005200000000000001,0.0,0.002,1.77911,1.77911,7.73648,1.411,8.89822287797112,1.411,0.0,0.0,0.0,0.0,7.73648,1.376,8.89822287797112,2.293,0.0,0.0,0.0,0.0,8.036480000000001,10.0,7.032901696704826,10.0,0.0,14.7911,14.7911,77.3648,-0.5,-0.16862363766152744,-0.16862363766152744,-0.03732977622043476
1+,184,0,49,td3,13.402,2.51677,2.0689,0.0030800000000000003,3.1310000000000002,3.575,8.036480000000001,7.73648,0.0,0.0,0.0,0.002,1.47911,1.47911,8.036480000000001,1.4300000000000002,7.032901696704826,1.4300000000000002,0.0,0.0,0.0,0.0,8.036480000000001,1.701,7.032901696704826,2.2079999999999997,0.0,0.0,0.0,0.0,7.73648,10.0,8.897703322812983,10.0,0.0,16.2702,16.2702,85.1013,-0.5,0.09999932391776123,0.09999932391776123,0.10000025851550043
1+,184,0,50,td3,19.215,2.28458,2.15185,0.0030800000000000003,2.9530000000000003,3.7825,7.73648,8.51013,0.0,0.0,0.0,0.002,1.62702,1.62702,7.73648,1.5130000000000001,8.897703322812983,1.5130000000000001,0.0,0.0,0.0,0.0,7.73648,1.44,8.897703322812983,2.225,0.0,0.0,0.0,0.0,8.51013,10.0,7.343680337521216,10.0,0.0,16.1075,16.1075,80.1013,-0.5,-0.009999877075880903,-0.009999877075880903,-0.05875350905332832
1+,184,0,51,td3,9.997,2.77263,2.1863,0.0030800000000000003,3.258,3.6025,8.51013,8.010129999999998,0.0,0.0,0.00256,0.002,1.6107500000000001,1.6107500000000001,8.51013,1.441,7.343680337521216,1.441,0.0,0.0,0.0,0.0,8.51013,1.8170000000000002,7.343680337521216,1.902,0.0,0.0,0.0,0.0,8.010129999999998,10.0,8.735459898062881,10.0,0.0,16.1075,16.1075,81.1013,-0.5,0.0,0.0,0.012484191892016883
1+,184,0,52,td3,17.96,2.32799,2.3074500000000002,0.0005200000000000001,2.816,4.0275,8.010129999999998,8.11013,0.0,0.0,0.0005200000000000001,0.0,1.6107500000000001,1.6107500000000001,8.010129999999998,1.611,8.735459898062881,1.611,0.0,0.0,0.0,0.0,8.010129999999998,1.205,8.735459898062881,2.3899999999999997,0.0,0.0,0.0,0.0,8.11013,10.0,8.195435911362582,10.0,0.0,15.1075,15.1075,80.1013,-0.5,-0.06208288064566203,-0.06208288064566203,-0.012330258577852637
1+,184,0,53,td3,8.196,2.38422,2.37035,0.0,2.941,3.5699999999999994,8.11013,8.01013,0.0,0.0,0.0,0.0,1.51075,1.51075,8.11013,1.428,8.195435911362582,1.428,0.0,0.0,0.0,0.0,8.11013,1.5130000000000001,8.195435911362582,2.035,0.0,0.0,0.0,0.0,8.01013,10.0,7.170851083879543,10.0,0.0,15.1075,15.1075,77.1013,-0.5,0.0,0.0,-0.037452575676050426
1+,184,0,54,td3,10.358,2.6079499999999998,2.4338,0.0,3.143,3.7775,8.01013,7.710129999999998,0.0,0.0,0.0,0.0,1.51075,1.51075,8.01013,1.511,7.170851083879543,1.511,0.0,0.0,0.0,0.0,8.01013,1.6320000000000001,7.170851083879543,2.2039999999999997,0.0,0.0,0.0,0.0,7.710129999999998,10.0,8.941038709422514,10.0,0.0,16.1075,16.1075,81.1013,-0.5,0.06619228859837833,0.06619228859837833,0.051879799692093664
1+,184,0,55,td3,6.192,2.2070100000000004,2.5391000000000004,0.0,2.862,3.915,7.710129999999998,8.11013,0.0,0.0,0.0,0.0,1.6107500000000001,1.6107500000000001,7.710129999999998,1.566,8.941038709422514,1.566,0.0,0.0,0.0,0.0,7.710129999999998,1.296,8.941038709422514,1.685,0.0,0.0,0.0,0.0,8.11013,10.0,7.311370191567636,10.0,0.0,14.4968,14.4968,72.9912,-0.5,-0.09999689585596783,-0.09999689585596783,-0.09999963009224255
1+,184,0,56,td3,8.807,2.14937,2.63185,0.0,2.65,3.5774999999999997,8.11013,7.29912,0.0,0.0,0.0,0.0,1.44968,1.44968,8.11013,1.431,7.311370191567636,1.431,0.0,0.0,0.0,0.0,8.11013,1.2189999999999999,7.311370191567636,1.8690000000000002,0.0,0.0,0.0,0.0,7.29912,10.0,8.829440614237232,10.0,0.0,13.0471,13.0471,80.2903,-0.5,-0.10000137961481159,-0.10000137961481159,0.09999972599436635
1+,184,0,57,td3,13.084,2.1000300000000003,2.6765,0.0,2.816,3.2625,7.29912,8.02903,0.0,0.0,0.0,0.0,1.30471,1.30471,7.29912,1.3050000000000002,8.829440614237232,1.3050000000000002,0.0,0.0,0.0,0.0,7.29912,1.511,8.829440614237232,2.324,0.0,0.0,0.0,0.0,8.02903,10.0,7.2425967112351755,10.0,0.0,14.0471,14.0471,71.5387,-0.5,0.0766453847981543,0.0766453847981543,-0.1089994681798423
1+,184,0,58,td3,7.015,2.494,2.70965,0.0,3.106,3.4375,8.02903,7.15387,0.0,0.0,0.0,0.0,1.40471,1.40471,8.02903,1.375,7.2425967112351755,1.375,0.0,0.0,0.0,0.0,8.02903,1.7309999999999999,7.2425967112351755,2.0989999999999998,0.0,0.0,0.0,0.0,7.15387,10.0,8.847398654321427,10.0,0.0,14.0471,14.0471,77.5387,-0.5,2.220446049250313e-16,2.220446049250313e-16,0.08387068817297494
1+,184,0,59,td3,8.027,2.31973,2.7709999999999995,0.0,2.899,3.5125,7.15387,7.753870000000001,0.0,0.0,0.0,0.0,1.4047100000000001,1.4047100000000001,7.15387,1.405,8.847398654321427,1.405,0.0,0.0,0.0,0.0,7.15387,1.494,8.847398654321427,1.972,0.0,0.0,0.0,0.0,7.753870000000001,10.0,7.793752866856581,10.0,0.0,13.0471,13.0471,76.5387,-0.5,-0.07118907105381178,-0.07118907105381178,-0.012896785734091476
1+,184,0,60,td3,7.257,2.39362,2.8260499999999995,0.0,2.712,3.2625,7.753870000000001,7.65387,0.0,0.0,0.0,0.0,1.3047100000000003,1.3047100000000003,7.753870000000001,1.3050000000000002,7.793752866856581,1.3050000000000002,0.0,0.0,0.0,0.0,7.753870000000001,1.407,7.793752866856581,2.307,0.0,0.0,0.0,0.0,7.65387,10.0,8.888010576048774,10.0,0.0,14.0471,14.0471,80.5387,-0.5,0.0766453847981543,0.0766453847981543,0.05226114370899948
1+,184,0,61,td3,6.452,2.2669099999999998,2.8901999999999997,0.0,2.871,3.5125,7.65387,8.05387,0.0,0.0,0.0,0.0,1.4047100000000001,1.4047100000000001,7.65387,1.405,8.888010576048774,1.405,0.0,0.0,0.0,0.0,7.65387,1.466,8.888010576048774,1.985,0.0,0.0,0.0,0.0,8.05387,10.0,6.924259271569044,10.0,0.0,12.6424,12.6424,72.4848,-0.5,-0.09999928810928949,-0.09999928810928949,-0.10000037249173377
1+,184,0,62,td3,9.715,2.69157,2.9184,0.0,2.878,3.16,8.05387,7.248480000000001,0.0,0.0,0.0,0.0,1.2642400000000003,1.2642400000000003,8.05387,1.264,6.924259271569044,1.264,0.0,0.0,0.0,0.0,8.05387,1.614,6.924259271569044,1.8679999999999999,0.0,0.0,0.0,0.0,7.248480000000001,10.0,9.056353104077298,10.0,0.0,13.9066,13.9066,79.7333,-0.5,0.09999683604378884,0.09999683604378884,0.100000275919917
1+,184,0,63,td3,5.088,2.31542,3.00515,0.0,2.6100000000000003,3.4775,7.248480000000001,7.973330000000002,0.0,0.0,0.0,0.0,1.39066,1.39066,7.248480000000001,1.391,9.056353104077298,1.391,0.0,0.0,0.0,0.0,7.248480000000001,1.2189999999999999,9.056353104077298,1.8690000000000002,0.0,0.0,0.0,0.0,7.973330000000002,10.0,7.73878081163554,10.0,0.0,12.5159,12.5159,71.76,-0.5,-0.10000287633210136,-0.10000287633210136,-0.09999962374566218
1+,184,0,64,td3,7.07,2.42531,3.0576500000000006,0.0,2.6049999999999995,3.13,7.973330000000002,7.176,0.0,0.0,0.0,0.0,1.2515899999999998,1.2515899999999998,7.973330000000002,1.252,7.73878081163554,1.252,0.0,0.0,0.0,0.0,7.973330000000002,1.353,7.73878081163554,1.827,0.0,0.0,0.0,0.0,7.176,10.0,8.536423567637147,10.0,0.0,12.5159,12.5159,78.936,-0.5,2.220446049250313e-16,2.220446049250313e-16,0.10000000000000009
1+,184,0,65,td3,8.515,2.17748,3.1310500000000006,0.0,2.396,3.13,7.176,7.893600000000001,0.0,0.0,0.0,0.0,1.2515900000000002,1.2515900000000002,7.176,1.252,8.536423567637147,1.252,0.0,0.0,0.0,0.0,7.176,1.144,8.536423567637147,2.409,0.0,0.0,0.0,0.0,7.893600000000001,10.0,8.162896625108266,10.0,0.0,12.5159,12.5159,80.1466,-0.5,-1.1102230246251565e-16,-1.1102230246251565e-16,0.01533647511908387
1+,184,0,67,td3,30.105,3.88859,3.132000000000001,1.05833,2.376,1.8575,8.014660000000001,6.29241205953314,1.0583270250015064,1.05833,0.0,0.529,0.7432160328404599,0.9642964812722186,8.014660000000001,0.743,7.2578457152814595,0.9640000000000001,0.0,0.0,0.0,0.0,8.014660000000001,1.6329999999999998,7.2578457152814595,1.8370000000000002,0.0,0.0,0.0,0.0,6.29241205953314,10.0,9.127735701779716,10.0,1058.327,9.64,9.64,65.9241,-0.22783785382362243,0.2970656678593666,-0.00030745862706804683,0.04767614352470062
1+,184,0,68,td3,8.889,4.5865100000000005,3.193200000000002,2.11666,1.798,2.41,6.29241205953314,6.592409999999998,1.058327,1.05833,0.0,1.058,0.9640000000000001,0.9640000000000001,6.29241205953314,0.9640000000000001,9.127735701779716,0.9640000000000001,0.0,0.0,0.0,0.0,6.29241205953314,0.834,9.127735701779716,2.324,0.0,0.0,0.0,0.0,6.592409999999998,10.0,8.391013359193993,10.0,1058.327,10.604,10.604,72.5165,-0.26925222009763417,0.09999999999999987,0.09999999999999987,0.09999984831040565
1+,184,0,69,td3,6.879,5.5326,3.2327000000000017,3.1749899999999998,2.255,2.65,6.592409999999998,7.25165,1.058327,1.05833,0.0,1.587,1.0604,1.0604,6.592409999999998,1.06,8.391013359193993,1.06,0.0,0.0,0.0,0.0,6.592409999999998,1.1949999999999998,8.391013359193993,1.614,0.0,0.0,0.0,0.0,7.25165,10.0,7.432360927881478,10.0,1058.327,10.604,10.604,71.5165,-0.30871073274771355,0.0,0.0,-0.013789965042438568
1+,184,0,70,td3,11.885,6.56243,3.2848000000000015,4.23332,2.129,2.65,7.25165,7.151649999999999,1.058327,1.05833,0.0,2.117,1.0604,1.0604,7.25165,1.06,7.432360927881478,1.06,0.0,0.0,0.0,0.0,7.25165,1.069,7.432360927881478,2.411,0.0,0.0,0.0,0.0,7.151649999999999,10.0,9.530385919347669,10.0,1058.327,12.604,12.604,72.5165,-0.3387294035898288,0.18860807242549993,0.18860807242549993,0.013982787188970391
1+,184,0,71,td3,9.238,7.44719,3.327200000000001,5.29165,2.726,3.15,7.151649999999999,7.25165,1.058327,1.05833,1.05833,2.646,1.2604000000000002,1.2604000000000002,7.151649999999999,1.26,9.530385919347669,1.26,0.0,0.0,0.0,0.0,7.151649999999999,1.466,9.530385919347669,1.6149999999999998,0.0,0.0,0.0,0.0,7.25165,10.0,4.917053446500903,10.0,1058.327,13.604,13.604,57.9283,-0.3578890829964053,0.07933989209774639,0.07933989209774639,-0.201170768032103
1+,184,0,72,td3,9.508,7.77159,3.3906000000000005,5.29165,2.766,3.4,7.25165,5.79283,1.0583270000000002,1.05833,1.05833,2.646,1.3603999999999998,1.3603999999999998,7.25165,1.3599999999999999,4.917053446500903,1.3599999999999999,0.0,0.0,0.0,0.0,7.25165,1.4060000000000001,4.917053446500903,2.038,0.0,0.0,0.0,0.0,5.79283,10.0,7.371604110458684,10.0,1058.327,14.9644,14.9644,58.9283,-0.3638210456290154,0.10000000000000009,0.10000000000000009,0.017262719603371668
1+,184,0,73,td3,4.81,7.2743400000000005,3.5059000000000005,5.29165,2.587,3.7400000000000007,5.79283,5.892829999999999,1.0583270000000002,1.05833,1.05833,2.646,1.4964399999999998,1.4964399999999998,5.79283,1.496,7.371604110458684,1.496,0.0,0.0,0.0,0.0,5.79283,1.091,7.371604110458684,1.968,0.0,0.0,0.0,0.0,5.892829999999999,10.0,9.182823290489901,10.0,1058.327,12.9644,12.9644,57.9283,-0.3545122993976086,-0.13365053059260634,-0.13365053059260634,-0.016969775133509613
1+,184,0,74,td3,10.728,6.91048,3.5556000000000005,5.29165,2.743,3.2400000000000007,5.892829999999999,5.79283,1.058327,1.05833,1.05833,2.646,1.29644,1.29644,5.892829999999999,1.296,9.182823290489901,1.296,0.0,0.0,0.0,0.0,5.892829999999999,1.447,9.182823290489901,1.355,0.0,0.0,0.0,0.0,5.79283,10.0,6.83372045115369,10.0,1058.327,11.668,11.668,63.7211,-0.34685188293721997,-0.09999691462774996,-0.09999691462774996,0.09999948211841181
1+,184,0,75,td3,5.913,6.75559,3.6151500000000003,5.29165,2.322,2.9175,5.79283,6.372109999999999,1.058327,1.05833,1.05833,2.646,1.1667999999999998,1.1667999999999998,5.79283,1.167,6.83372045115369,1.167,0.0,0.0,0.0,0.0,5.79283,1.155,6.83372045115369,1.8359999999999999,0.0,0.0,0.0,0.0,6.372109999999999,10.0,9.825227482147726,10.0,1058.327,10.5012,10.5012,70.0932,-0.34334055204652736,-0.09999999999999987,-0.09999999999999987,0.09999984306611154
1+,184,0,76,td3,12.737,6.47105,3.6512500000000006,5.29165,2.2640000000000002,2.625,6.372109999999999,7.00932,1.0583270000000002,1.05833,1.05833,2.646,1.05012,1.05012,6.372109999999999,1.05,9.825227482147726,1.05,0.0,0.0,0.0,0.0,6.372109999999999,1.214,9.825227482147726,1.684,0.0,0.0,0.0,0.0,7.00932,10.0,5.68667586286122,10.0,0.0,11.5513,11.5513,77.1025,-0.5,0.09999809545575755,0.09999809545575755,0.09999971466561686
1+,184,0,77,td3,7.202,5.73459,3.6811000000000007,4.23332,2.589,2.8875,7.00932,7.71025,0.0,0.0,1.05833,2.117,1.15513,1.15513,7.00932,1.155,5.68667586286122,1.155,0.0,0.0,0.0,0.0,7.00932,1.434,5.68667586286122,1.8,0.0,0.0,0.0,0.0,7.71025,10.0,8.457345811818527,10.0,0.0,11.5513,11.5513,79.1025,-0.5,0.0,0.0,0.025939496125287675
1+,184,0,78,td3,16.639,4.4785900000000005,3.7505500000000005,3.1749899999999998,2.193,2.8875,7.71025,7.9102500000000004,0.0,0.0,1.05833,1.587,1.15513,1.15513,7.71025,1.155,8.457345811818527,1.155,0.0,0.0,0.0,0.0,7.71025,1.038,8.457345811818527,1.459,0.0,0.0,0.0,0.0,7.9102500000000004,10.0,8.285084477251981,10.0,0.0,10.5513,10.5513,80.1025,-0.5,-0.08657034273198683,-0.08657034273198683,0.012641825479599245
1+,184,0,79,td3,21.162,3.42971,3.7951000000000006,2.11666,2.192,2.6375,7.9102500000000004,8.010250000000001,0.0,0.0,1.05833,1.058,1.05513,1.05513,7.9102500000000004,1.0550000000000002,8.285084477251981,1.0550000000000002,0.0,0.0,0.0,0.0,7.9102500000000004,1.137,8.285084477251981,1.826,0.0,0.0,0.0,0.0,8.010250000000001,10.0,8.13781684543304,10.0,0.0,11.5513,11.5513,79.1025,-0.5,0.0947750514154655,0.0947750514154655,-0.012484004868761889
1+,184,0,80,td3,5.096,2.3180300000000003,3.8563500000000004,1.05833,2.275,2.8875,8.010250000000001,7.9102500000000004,0.0,0.0,1.05833,0.529,1.1551300000000002,1.1551300000000002,8.010250000000001,1.155,8.13781684543304,1.155,0.0,0.0,0.0,0.0,8.010250000000001,1.1199999999999999,8.13781684543304,2.4829999999999997,0.0,0.0,0.0,0.0,7.9102500000000004,10.0,8.316587887573107,10.0,1.0,11.5513,11.5513,80.1025,-0.4995685991984573,-1.1102230246251565e-16,-1.1102230246251565e-16,0.012641825479599245
1+,184,0,81,td3,7.339,1.39832,3.8901000000000003,0.001,2.55,2.8875,7.9102500000000004,8.010250000000001,0.001000000000000006,0.001,0.0,0.0,1.15513,1.15513,7.9102500000000004,1.155,8.316587887573107,1.155,0.0,0.0,0.0,0.0,7.9102500000000004,1.395,8.316587887573107,1.761,0.0,0.0,0.0,0.0,8.010250000000001,10.0,7.055955109199969,10.0,1.0,10.5513,10.5513,79.1025,-0.49928485611304996,-0.08657034273198683,-0.08657034273198683,-0.012484004868761889
1+,184,0,82,td3,6.101,2.06151,3.8649500000000008,0.002,2.574,2.3225,8.010250000000001,7.9102500000000004,0.0009999999999999835,0.001,0.0,0.001,1.05513,1.05513,8.010250000000001,0.9289999999999999,7.055955109199969,0.9289999999999999,0.0,0.0,0.0,0.0,8.010250000000001,1.645,7.055955109199969,1.9629999999999999,0.0,0.0,0.0,0.0,7.9102500000000004,10.0,9.2875848856182,10.0,1.0,11.5513,11.5513,78.1025,-0.499514918676116,0.0947750514154655,0.0947750514154655,-0.012641825479599245
1+,184,0,83,td3,3.968,1.65345,3.954300000000001,0.003,1.9940000000000002,2.8875,7.9102500000000004,7.810250000000001,0.0010000000000000503,0.001,0.0,0.002,1.1551300000000002,1.1551300000000002,7.9102500000000004,1.155,9.2875848856182,1.155,0.0,0.0,0.0,0.0,7.9102500000000004,0.8390000000000001,9.2875848856182,2.508,0.0,0.0,0.0,0.0,7.810250000000001,10.0,7.287022674449657,10.0,1.0,11.5513,11.5513,77.1025,-0.49939520396746195,-1.1102230246251565e-16,-1.1102230246251565e-16,-0.01280368746198901
1+,184,0,84,td3,4.208,1.81799,3.9955000000000007,0.004,2.3280000000000003,2.74,7.810250000000001,7.71025,0.0010000000000000328,0.001,0.0,0.002,1.15513,1.15513,7.810250000000001,1.096,7.287022674449657,1.096,0.0,0.0,0.0,0.0,7.810250000000001,1.232,7.287022674449657,1.486,0.0,0.0,0.0,0.0,7.71025,10.0,8.30002012567182,10.0,1.0,11.5513,11.5513,76.1025,-0.4994499419688777,0.0,0.0,-0.012969748062643838
1+,184,0,85,td3,12.718,1.5892899999999999,4.0734,0.005,2.061,2.84,7.71025,7.610250000000001,0.0010000000000000143,0.001,0.001,0.002,1.15513,1.15513,7.71025,1.136,8.30002012567182,1.136,0.0,0.0,0.0,0.0,7.71025,0.925,8.30002012567182,2.2190000000000003,0.0,0.0,0.0,0.0,7.610250000000001,10.0,8.884156823365798,10.0,1.0,12.5513,12.5513,75.1025,-0.4993707882136048,0.08657034273198683,0.08657034273198683,-0.013140172793272176
1+,184,0,86,td3,11.33,1.75033,4.084300000000001,0.005,2.3009999999999997,2.41,7.610250000000001,7.510250000000001,0.0010000000000000109,0.001,0.001,0.002,1.2551299999999999,1.2551299999999999,7.610250000000001,0.9640000000000001,8.884156823365798,0.9640000000000001,0.0,0.0,0.0,0.0,7.610250000000001,1.337,8.884156823365798,1.459,0.0,0.0,0.0,0.0,7.510250000000001,10.0,6.691328304663811,10.0,1.0,13.8064,13.8064,82.6128,-0.49942867916335776,0.09999760980934269,0.09999760980934269,0.10000066575679889
1+,184,0,87,td3,6.808,2.012,4.12455,0.005,2.68,3.0825,7.510250000000001,8.26128,0.001000000000000015,0.001,0.001,0.002,1.38064,1.38064,7.510250000000001,1.233,6.691328304663811,1.233,0.0,0.0,0.0,0.0,7.510250000000001,1.447,6.691328304663811,1.698,0.0,0.0,0.0,0.0,8.26128,10.0,9.468215735480989,10.0,1.0,13.8064,13.8064,81.6128,-0.4995029821073559,0.0,0.0,-0.012104661747332157
1+,184,0,88,td3,6.671,1.54785,4.2209,0.005,1.8739999999999999,2.8375,8.26128,8.16128,0.0009999999999999569,0.001,0.001,0.002,1.38064,1.38064,8.26128,1.135,9.468215735480989,1.135,0.0,0.0,0.0,0.0,8.26128,0.739,9.468215735480989,2.498,0.0,0.0,0.0,0.0,8.16128,10.0,6.85544227723461,10.0,1.0,15.187,15.187,72.717,-0.4993539425654941,0.09999710279290763,0.09999710279290763,-0.10900005881430352
1+,184,0,89,td3,10.351,1.73306,4.26625,0.005,2.124,2.5775,8.16128,7.2717,0.000999999999999971,0.001,0.001,0.002,1.5187000000000002,1.5187000000000002,8.16128,1.0310000000000001,6.85544227723461,1.0310000000000001,0.0,0.0,0.0,0.0,8.16128,1.093,6.85544227723461,1.609,0.0,0.0,0.0,0.0,7.2717,10.0,8.208553683317989,10.0,1.0,13.6683,13.6683,69.9898,-0.49942298593239703,-0.10000000000000009,-0.10000000000000009,-0.03750429748201933
1+,184,0,90,td3,8.247,1.93061,4.28065,0.005,2.6559999999999997,2.8,7.2717,6.99898,0.0009999999999999955,0.001,0.001,0.002,1.36683,1.36683,7.2717,1.1199999999999999,8.208553683317989,1.1199999999999999,0.0,0.0,0.0,0.0,7.2717,1.536,8.208553683317989,1.7420000000000002,0.0,0.0,0.0,0.0,6.99898,10.0,8.925119954087112,10.0,1.0,14.6683,14.6683,74.9898,-0.4994820289960168,0.0731619879575367,0.0731619879575367,0.07143898110867575
1+,184,0,91,td3,3.968,1.88942,4.3138,0.005,2.701,3.0325,6.99898,7.49898,0.0010000000000000224,0.001,0.001,0.002,1.4668299999999999,1.4668299999999999,6.99898,1.213,8.925119954087112,1.213,0.0,0.0,0.0,0.0,6.99898,1.488,8.925119954087112,2.127,0.0,0.0,0.0,0.0,7.49898,10.0,7.990531696136597,10.0,1.0,14.6683,14.6683,72.9898,-0.49947073705158196,2.220446049250313e-16,2.220446049250313e-16,-0.02667029382662711
1+,184,0,92,td3,32.285,2.39636,4.2992,0.005,3.196,3.05,7.49898,7.29898,0.0010000000000000154,0.001,0.001,0.002,1.4668300000000003,1.4668300000000003,7.49898,1.22,7.990531696136597,1.22,0.0,0.0,0.0,0.0,7.49898,1.9760000000000002,7.990531696136597,1.3699999999999999,0.0,0.0,0.0,0.0,7.29898,10.0,8.457559270395674,10.0,1.0,16.6683,16.6683,76.9898,-0.49958270042898395,0.13634845210419733,0.13634845210419733,0.05480217783854724
1+,184,0,93,td3,4.955,1.83182,4.428450000000001,0.005,2.5100000000000002,3.8025000000000007,7.29898,7.698980000000001,0.0010000000000000213,0.001,0.001,0.002,1.6668299999999998,1.6668299999999998,7.29898,1.5210000000000001,8.457559270395674,1.5210000000000001,0.0,0.0,0.0,0.0,7.29898,0.9890000000000001,8.457559270395674,2.054,0.0,0.0,0.0,0.0,7.698980000000001,10.0,8.297210917388933,10.0,1.0,16.6683,16.6683,69.2908,-0.4994540948346453,0.0,0.0,-0.10000025977467142
1+,184,0,94,td3,14.137,2.00114,4.45485,0.005,2.601,2.865,7.698980000000001,6.929080000000001,0.0010000000000000237,0.001,0.001,0.002,1.6668299999999998,1.6668299999999998,7.698980000000001,1.1460000000000001,8.297210917388933,1.1460000000000001,0.0,0.0,0.0,0.0,7.698980000000001,1.455,8.297210917388933,1.5310000000000001,0.0,0.0,0.0,0.0,6.929080000000001,10.0,7.695962409153765,10.0,1.0,15.0015,15.0015,74.2908,-0.4995002848376425,-0.09999820017638261,-0.09999820017638261,0.07215965178638428
1+,184,0,95,td3,8.703,2.02155,4.5052,0.005,2.9189999999999996,3.4225000000000003,6.929080000000001,7.429080000000001,0.0010000000000000325,0.001,0.001,0.002,1.50015,1.50015,6.929080000000001,1.369,7.695962409153765,1.369,0.0,0.0,0.0,0.0,6.929080000000001,1.55,7.695962409153765,1.572,0.0,0.0,0.0,0.0,7.429080000000001,10.0,9.192903812331002,10.0,1.0,15.0015,15.0015,69.2908,-0.4995053300685118,0.0,0.0,-0.06730308463497503
1+,184,0,96,td3,31.982,2.18798,4.51475,0.005,2.947,3.0425,7.429080000000001,6.929080000000001,0.0010000000000000174,0.001,0.001,0.002,1.50015,1.50015,7.429080000000001,1.217,9.192903812331002,1.217,0.0,0.0,0.0,0.0,7.429080000000001,1.73,9.192903812331002,1.625,0.0,0.0,0.0,0.0,6.929080000000001,10.0,7.612203339252562,10.0,0.0,15.0015,15.0015,66.2908,-0.5,0.0,0.0,-0.04329579107183057
1+,184,0,97,td3,5.897,1.8184200000000001,4.62815,0.004,2.616,3.75,6.929080000000001,6.62908,0.0,0.0,0.001,0.002,1.50015,1.50015,6.929080000000001,1.5,7.612203339252562,1.5,0.0,0.0,0.0,0.0,6.929080000000001,1.116,7.612203339252562,2.2489999999999997,0.0,0.0,0.0,0.0,6.62908,10.0,9.733806488697317,10.0,0.0,15.0015,15.0015,80.2119,-0.5,0.0,0.0,0.21000048272158423
1+,184,0,98,td3,4.189,1.64548,4.6575999999999995,0.003,2.4829999999999997,2.7775,6.62908,8.02119,0.0,0.0,0.001,0.002,1.50015,1.50015,6.62908,1.111,9.733806488697317,1.111,0.0,0.0,0.0,0.0,6.62908,1.372,9.733806488697317,1.9620000000000002,0.0,0.0,0.0,0.0,8.02119,10.0,5.117675639853528,10.0,0.0,15.0015,15.0015,80.2119,-0.5,0.0,0.0,-2.220446049250313e-16
