0.1,0.125,0.1,1.0,1.25,0.8,0.8,0.1,0.1,0.0,0.05,0.5,0.5,0.8,0.5,0.8,0.5,0.0,0.0,0.0,0.0,0.8,0.5,0.8,0.5,0.0,0.0,0.0,0.0,0.8,10.0,0.8,10.0,0.4,0.0,0.0,-0.09999999999999998
0.19942,0.1376,0.19,1.124,1.25,0.8,0.72,0.09,0.09,0.0,0.095,0.5,0.5,0.8,0.5,0.8,0.5,0.0,0.0,0.0,0.0,0.8,0.624,0.8,0.542,0.0,0.0,0.0,0.0,0.72,10.0,1.1999062299728394,10.0,-0.09382208404372677,0.0,0.0,2.220446049250313e-16
0.26532,0.14550000000000002,0.26854,1.171,1.25,0.72,0.7200000000000002,0.081,0.07854000000000001,0.0,0.134,0.5,0.5,0.72,0.5,1.1999062299728394,0.5,0.0,0.0,0.0,0.0,0.72,0.671,1.1999062299728394,0.609,0.0,0.0,0.0,0.0,0.7200000000000002,10.0,1.0365296961888077,10.0,-0.16078697421981003,0.0,0.0,-2.220446049250313e-16
0.26924000000000003,0.1414,0.26868000000000003,1.291,1.25,0.7200000000000002,0.72,0.09,0.00014000000000000001,0.0,0.134,0.5,0.5,0.7200000000000002,0.5,1.0365296961888077,0.5,0.0,0.0,0.0,0.0,0.7200000000000002,0.791,1.0365296961888077,0.6910000000000001,0.0,0.0,0.0,0.0,0.72,10.0,0.9886640459004126,10.0,-0.2400089139800921,0.0,0.0,2.220446049250313e-16
0.27206,0.142,0.2687,1.2440000000000002,1.25,0.72,0.7200000000000002,0.07,2e-05,0.1,0.134,0.5,0.5,0.72,0.5,0.9886640459004126,0.5,0.0,0.0,0.0,0.0,0.72,0.744,0.9886640459004126,0.644,0.0,0.0,0.0,0.0,0.7200000000000002,10.0,1.126706467557065,10.0,-0.24270381533485264,0.0,0.0,-2.220446049250313e-16
0.16782,0.14279999999999998,0.16872,1.242,1.25,0.7200000000000002,0.72,0.06999999999999998,2e-05,0.09,0.08399999999999999,0.5,0.5,0.7200000000000002,0.5,1.126706467557065,0.5,0.0,0.0,0.0,0.0,0.7200000000000002,0.742,1.126706467557065,0.622,0.0,0.0,0.0,0.0,0.72,10.0,1.1111268080325396,10.0,0.004707424621618439,-0.5,-0.5,-0.09999999999999987
0.10498,0.10289999999999999,0.07876999999999999,1.024,0.625,0.72,0.6480000000000001,0.0847,5e-05,0.07854000000000001,0.039,0.25,0.25,0.72,0.25,1.1111268080325396,0.25,0.0,0.0,0.0,0.0,0.72,0.774,1.1111268080325396,0.665,0.0,0.0,0.0,0.0,0.6480000000000001,10.0,1.0708443314089773,10.0,0.30682034673271097,0.0,0.0,-0.1000000000000002
0.03449,0.08789999999999999,0.0014199999999999998,0.775,0.625,0.6480000000000001,0.5831999999999999,0.0847,0.0011899999999999999,0.00014000000000000001,0.001,0.25,0.25,0.6480000000000001,0.25,1.0708443314089773,0.25,0.0,0.0,0.0,0.0,0.6480000000000001,0.525,1.0708443314089773,0.44000000000000006,0.0,0.0,0.0,0.0,0.5831999999999999,10.0,1.1183393951767686,10.0,-0.5,0.0,0.0,2.220446049250313e-16
0.039049999999999994,0.07134999999999998,0.00128,0.673,0.5075,0.5831999999999999,0.5832,0.0,0.0,2e-05,0.001,0.25,0.25,0.5831999999999999,0.20299999999999999,1.1183393951767686,0.20299999999999999,0.0,0.0,0.0,0.0,0.5831999999999999,0.47000000000000003,1.1183393951767686,0.372,0.0,0.0,0.0,0.0,0.5832,10.0,1.4140211714751763,10.0,-0.5,0.0,0.0,-0.2679526748971194
0.03349,0.0628,0.00126,0.573,0.4875,0.5832,0.42693000000000003,0.0,0.0,2e-05,0.001,0.25,0.25,0.5832,0.195,1.4140211714751763,0.195,0.0,0.0,0.0,0.0,0.5832,0.378,1.4140211714751763,0.355,0.0,0.0,0.0,0.0,0.42693000000000003,10.0,1.4211022852238586,10.0,-0.5,0.0,0.0,-0.09999297308692301
0.022260000000000002,0.055949999999999986,0.00124,0.521,0.4525,0.42693000000000003,0.38424,0.0,0.0,5e-05,0.001,0.25,0.25,0.42693000000000003,0.181,1.4211022852238586,0.181,0.0,0.0,0.0,0.0,0.42693000000000003,0.33999999999999997,1.4211022852238586,0.384,0.0,0.0,0.0,0.0,0.38424,10.0,1.3915328119257693,10.0,-0.5,0.0,0.0,-1.1102230246251565e-16
0.01718,0.04249999999999998,0.0011899999999999999,0.44700000000000006,0.3125,0.38424,0.38423999999999997,0.0,0.0,0.0011899999999999999,0.001,0.25,0.25,0.38424,0.125,1.3915328119257693,0.125,0.0,0.0,0.0,0.0,0.38424,0.322,1.3915328119257693,0.355,0.0,0.0,0.0,0.0,0.38423999999999997,10.0,1.2809430530044605,10.0,-0.5,0.0,0.0,2.220446049250313e-16
0.01305,0.031249999999999983,0.0,0.37,0.2575,0.38423999999999997,0.38424,0.0,0.0,0.0,0.0,0.25,0.25,0.38423999999999997,0.10300000000000001,1.2809430530044605,0.10300000000000001,0.0,0.0,0.0,0.0,0.38423999999999997,0.267,1.2809430530044605,0.34900000000000003,0.0,0.0,0.0,0.0,0.38424,10.0,1.5022969279942495,10.0,-0.18965517241379315,0.0,0.0,-1.1102230246251565e-16
0.01168,0.017249999999999998,1e-05,0.303,0.1725,0.38424,0.38424,0.00405,1e-05,0.0,0.0,0.25,0.25,0.38424,0.06899999999999999,1.5022969279942495,0.06899999999999999,0.0,0.0,0.0,0.0,0.38424,0.23399999999999999,1.5022969279942495,0.43200000000000005,0.0,0.0,0.0,0.0,0.38424,10.0,1.4285151481209577,10.0,-0.15325342465753428,0.0,0.0,-0.4500052050801583
0.00647,0.01075,5.9999999999999995e-05,0.173,0.1075,0.38424,0.21132999999999996,0.00405,5e-05,0.0,0.0,0.25,0.25,0.38424,0.041999999999999996,1.4285151481209577,0.065,10.0,0.001,0.0,0.0,0.38424,0.131,1.4285151481209577,0.521,10.0,0.074,0.0,0.0,0.21132999999999996,10.0,1.5088888184401452,10.0,0.12596599690880994,-0.5,-0.5,2.220446049250313e-16
0.00214,0.0055000000000000005,0.00411,0.10700000000000001,0.05500000000000001,0.21132999999999996,0.21133000000000002,0.00405,0.00405,0.0,0.002,0.125,0.125,0.21132999999999996,0.020999999999999998,1.5088888184401452,0.061,10.0,0.001,0.0,0.0,0.21132999999999996,0.086,1.5088888184401452,0.624,10.0,0.003,0.0,0.0,0.21133000000000002,10.0,2.2576729663464605,10.0,-0.5,0.0,0.0,0.0
0.00115,0.001,0.00411,0.054000000000000006,0.01,0.21133000000000002,0.21133000000000002,0.0,0.0,0.0,0.002,0.125,0.125,0.21133000000000002,0.004,2.2576729663464605,0.009,0.0,0.0,0.0,0.0,0.21133000000000002,0.05,2.2576729663464605,0.272,10.0,0.001,0.0,0.0,0.21133000000000002,10.0,3.3493793689063587,10.0,-0.5,0.0,0.0,0.0
0.1,0.125,0.1,1.0,1.25,0.8,0.8,0.1,0.1,0.0,0.05,0.5,0.5,0.8,0.5,0.8,0.5,0.0,0.0,0.0,0.0,0.8,0.5,0.8,0.5,0.0,0.0,0.0,0.0,0.8,10.0,0.8,10.0,0.0,-0.09999999999999998,-0.09999999999999998,-0.18999999999999995
0.16341999999999998,0.1301,0.15,1.074,1.125,0.8,0.648,0.05,0.05,0.0,0.075,0.45,0.45,0.8,0.45,0.8,0.45,0.0,0.0,0.0,0.0,0.8,0.624,0.8,0.542,0.0,0.0,0.0,0.0,0.648,10.0,1.1999062299728394,10.0,-0.19403989719740544,0.0,0.0,0.0
0.20193,0.1307,0.19991,1.1190000000000002,1.125,0.648,0.648,0.05,0.049909999999999996,0.0,0.1,0.45,0.45,0.648,0.45,1.1999062299728394,0.45,0.0,0.0,0.0,0.0,0.648,0.669,1.1999062299728394,0.5980000000000001,0.0,0.0,0.0,0.0,0.648,10.0,1.026141954825352,10.0,-0.25238944188580203,0.0,0.0,0.0
0.20394,0.12260000000000001,0.20011,1.206,1.125,0.648,0.648,0.05,0.0002,0.0,0.1,0.45,0.45,0.648,0.45,1.026141954825352,0.45,0.0,0.0,0.0,0.0,0.648,0.756,1.026141954825352,0.671,0.0,0.0,0.0,0.0,0.648,10.0,0.9564341231171717,10.0,-0.25482985191723057,-0.5,-0.5,0.0
0.22688999999999998,0.08705000000000002,0.20067,0.9179999999999999,0.5625,0.648,0.648,0.05,0.0005600000000000001,0.1,0.1,0.225,0.225,0.648,0.225,0.9564341231171717,0.225,0.0,0.0,0.0,0.0,0.648,0.693,0.9564341231171717,0.579,0.0,0.0,0.0,0.0,0.648,10.0,1.1759390282231719,10.0,-0.2796288950592798,0.0,0.0,-0.10000000000000009
0.13358,0.06860000000000002,0.10099,0.747,0.5625,0.648,0.5831999999999999,0.05000000000000001,0.00032,0.05,0.05,0.225,0.225,0.648,0.225,1.1759390282231719,0.225,0.0,0.0,0.0,0.0,0.648,0.522,1.1759390282231719,0.395,0.0,0.0,0.0,0.0,0.5831999999999999,10.0,1.2152158726350772,10.0,-0.12569246893247493,0.0,0.0,2.220446049250313e-16
0.08289,0.05625,0.05125,0.686,0.5625,0.5831999999999999,0.5832,0.05,0.00026000000000000003,0.049909999999999996,0.026000000000000002,0.225,0.225,0.5831999999999999,0.225,1.2152158726350772,0.225,0.0,0.0,0.0,0.0,0.5831999999999999,0.461,1.2152158726350772,0.378,0.0,0.0,0.0,0.0,0.5832,10.0,1.4496317955496028,10.0,0.10320907226444687,0.0,0.0,-1.1102230246251565e-16
0.1,0.125,0.1,1.0,1.25,0.8,0.8,0.1,0.1,0.0,0.05,0.5,0.5,0.8,0.5,0.8,0.5,0.0,0.0,0.0,0.0,0.8,0.5,0.8,0.5,0.0,0.0,0.0,0.0,0.8,10.0,0.8,10.0,0.5,0.0,0.0,0.0
0.20942,0.1376,0.2,1.124,1.25,0.8,0.8,0.1,0.1,0.0,0.1,0.5,0.5,0.8,0.5,0.8,0.5,0.0,0.0,0.0,0.0,0.8,0.624,0.8,0.542,0.0,0.0,0.0,0.0,0.8,10.0,1.1999062299728394,10.0,-0.022490688568427064,0.0,0.0,0.0
0.29632,0.14730000000000001,0.29566000000000003,1.153,1.25,0.8,0.8,0.1,0.09566,0.0,0.148,0.5,0.5,0.8,0.5,1.1999062299728394,0.5,0.0,0.0,0.0,0.0,0.8,0.653,1.1999062299728394,0.5900000000000001,0.0,0.0,0.0,0.0,0.8,10.0,1.077443212959877,10.0,-0.16252699784017277,0.0,0.0,0.0
0.30302999999999997,0.1449,0.2958,1.274,1.25,0.8,0.8,0.1,0.00014000000000000001,0.0,0.148,0.5,0.5,0.8,0.5,1.077443212959877,0.5,0.0,0.0,0.0,0.0,0.8,0.774,1.077443212959877,0.658,0.0,0.0,0.0,0.0,0.8,10.0,1.076023800037046,10.0,-0.16999966999966998,0.0,0.0,0.0
0.30768,0.145,0.29581,1.249,1.25,0.8,0.8,0.1,1e-05,0.1,0.148,0.5,0.5,0.8,0.5,1.076023800037046,0.5,0.0,0.0,0.0,0.0,0.8,0.749,1.076023800037046,0.65,0.0,0.0,0.0,0.0,0.8,10.0,1.076851081868886,10.0,-0.1749869994799792,0.0,0.0,0.0
0.2095,0.14859999999999998,0.19583,1.214,1.25,0.8,0.8,0.1,2e-05,0.1,0.098,0.5,0.5,0.8,0.5,1.076851081868886,0.5,0.0,0.0,0.0,0.0,0.8,0.714,1.076851081868886,0.5700000000000001,0.0,0.0,0.0,0.0,0.8,10.0,1.1334313816225103,10.0,-0.5,0.0,0.0,0.0
0.10993,0.151,0.09583,1.226,1.25,0.8,0.8,0.0,0.0,0.09566,0.048,0.5,0.5,0.8,0.5,1.1334313816225103,0.5,0.0,0.0,0.0,0.0,0.8,0.726,1.1334313816225103,0.628,0.0,0.0,0.0,0.0,0.8,10.0,1.1431025789952298,10.0,-0.5,0.0,0.0,-0.5
0.01399,0.1543,0.00017,1.217,1.25,0.8,0.4,0.0,0.0,0.00014000000000000001,0.0,0.5,0.5,0.8,0.5,1.1431025789952298,0.5,0.0,0.0,0.0,0.0,0.8,0.717,1.1431025789952298,0.62,0.0,0.0,0.0,0.0,0.4,10.0,1.1553485845878606,10.0,-0.5,0.0,0.0,0.0
0.03673,0.0846,2.9999999999999997e-05,0.922,0.225,0.4,0.4,0.0,0.0,1e-05,0.0,0.5,0.5,0.4,0.09,1.1553485845878606,0.09,0.0,0.0,0.0,0.0,0.4,0.8320000000000001,1.1553485845878606,0.6809999999999999,0.0,0.0,0.0,0.0,0.4,10.0,1.005611771557847,10.0,-0.5,0.0,0.0,0.0
0.02827,0.07924999999999999,2e-05,0.7060000000000001,0.6525,0.4,0.4,0.0,0.0,2e-05,0.0,0.5,0.5,0.4,0.261,1.005611771557847,0.261,0.0,0.0,0.0,0.0,0.4,0.445,1.005611771557847,0.361,0.0,0.0,0.0,0.0,0.4,10.0,1.326533468865065,10.0,-0.5,0.0,0.0,0.0
0.02289,0.06284999999999999,0.0,0.574,0.41,0.4,0.4,0.0,0.0,0.0,0.0,0.5,0.5,0.4,0.16399999999999998,1.326533468865065,0.16399999999999998,0.0,0.0,0.0,0.0,0.4,0.41,1.326533468865065,0.348,0.0,0.0,0.0,0.0,0.4,10.0,1.1759503260876756,10.0,-0.5,0.0,0.0,0.0
0.01844,0.05309999999999999,0.0,0.45999999999999996,0.3625,0.4,0.4,0.0,0.0,0.0,0.0,0.5,0.5,0.4,0.145,1.1759503260876756,0.145,0.0,0.0,0.0,0.0,0.4,0.315,1.1759503260876756,0.28300000000000003,0.0,0.0,0.0,0.0,0.4,10.0,1.3488219454773989,10.0,-0.5,0.0,0.0,0.0
0.0148,0.04254999999999999,0.0,0.368,0.2625,0.4,0.4,0.0,0.0,0.0,0.0,0.5,0.5,0.4,0.10500000000000001,1.3488219454773989,0.10500000000000001,0.0,0.0,0.0,0.0,0.4,0.263,1.3488219454773989,0.355,0.0,0.0,0.0,0.0,0.4,10.0,1.3329377744605213,10.0,-0.5,0.0,0.0,0.0
0.01251,0.03269999999999999,0.0,0.311,0.2125,0.4,0.4,0.0,0.0,0.0,0.0,0.5,0.5,0.4,0.08499999999999999,1.3329377744605213,0.08499999999999999,0.0,0.0,0.0,0.0,0.4,0.22599999999999998,1.3329377744605213,0.43600000000000005,0.0,0.0,0.0,0.0,0.4,10.0,1.4517773558488403,10.0,-0.5,0.0,0.0,0.0
0.01088,0.02229999999999999,0.0,0.274,0.17,0.4,0.4,0.0,0.0,0.0,0.0,0.5,0.5,0.4,0.068,1.4517773558488403,0.068,0.0,0.0,0.0,0.0,0.4,0.20600000000000002,1.4517773558488403,0.501,0.0,0.0,0.0,0.0,0.4,10.0,1.5532464991247523,10.0,-0.5,0.0,0.0,0.0
0.009179999999999999,0.012,0.0,0.223,0.12,0.4,0.4,0.0,0.0,0.0,0.0,0.5,0.5,0.4,0.048,1.5532464991247523,0.05600000000000001,0.0,0.0,0.0,0.0,0.4,0.175,1.5532464991247523,0.581,10.0,0.028000000000000004,0.0,0.0,0.4,10.0,1.5796660555200128,10.0,-0.5,0.0,0.0,0.0
0.0045899999999999995,0.007250000000000001,0.0,0.12000000000000002,0.07250000000000001,0.4,0.4,0.0,0.0,0.0,0.0,0.5,0.5,0.4,0.028000000000000004,1.5796660555200128,0.046,10.0,0.001,0.0,0.0,0.4,0.092,1.5796660555200128,0.805,10.0,0.002,0.0,0.0,0.4,10.0,2.190169419466778,10.0,-0.5,0.0,0.0,0.0
0.00297,0.0032500000000000003,0.0,0.071,0.0325,0.4,0.4,0.0,0.0,0.0,0.0,0.5,0.5,0.4,0.013000000000000001,2.190169419466778,0.018,0.0,0.0,0.0,0.0,0.4,0.057999999999999996,2.190169419466778,0.421,10.0,0.001,0.0,0.0,0.4,10.0,3.243527611380329,10.0,-0.5,0.0,0.0,0.0
0.00138,0.0017500000000000003,0.0,0.032,0.0175,0.4,0.4,0.0,0.0,0.0,0.0,0.5,0.5,0.4,0.007000000000000001,3.243527611380329,0.008,0.0,0.0,0.0,0.0,0.4,0.025,3.243527611380329,0.153,0.0,0.0,0.0,0.0,0.4,10.0,1.6387279694155166,10.0,-0.5,0.0,0.0,0.0
0.1,0.125,0.1,1.0,1.25,0.8,0.8,0.1,0.1,0.0,0.05,0.5,0.5,0.8,0.5,0.8,0.5,0.0,0.0,0.0,0.0,0.8,0.5,0.8,0.5,0.0,0.0,0.0,0.0,0.8,10.0,0.8,10.0,-0.5,0.0,0.0,-0.375
0.10942,0.1376,0.1,1.124,1.25,0.8,0.5,0.0,0.0,0.0,0.05,0.5,0.5,0.8,0.5,0.8,0.5,0.0,0.0,0.0,0.0,0.8,0.624,0.8,0.542,0.0,0.0,0.0,0.0,0.5,10.0,1.1999062299728394,10.0,-0.5,0.19999999999999996,0.19999999999999996,0.0
0.07348,0.1545,0.1,1.331,1.5,0.5,0.5,0.0,0.0,0.0,0.05,0.6,0.6,0.5,0.6,1.1999062299728394,0.6,0.0,0.0,0.0,0.0,0.5,0.731,1.1999062299728394,0.6519999999999999,0.0,0.0,0.0,0.0,0.5,10.0,0.9484728786279799,10.0,-0.5,0.0,0.0,0.0
0.07368999999999999,0.13295,0.1,1.483,1.2675,0.5,0.5,0.0,0.0,0.0,0.05,0.6,0.6,0.5,0.507,0.9484728786279799,0.507,0.0,0.0,0.0,0.0,0.5,0.976,0.9484728786279799,0.833,0.0,0.0,0.0,0.0,0.5,10.0,1.09456461103839,10.0,-0.5,0.0,0.0,0.0
0.06631999999999999,0.11425,0.1,1.331,1.1425,0.5,0.5,0.0,0.0,0.1,0.05,0.6,0.6,0.5,0.457,1.09456461103839,0.462,0.0,0.0,0.0,0.0,0.5,0.874,1.09456461103839,0.732,0.0,0.0,0.0,0.0,0.5,10.0,1.4168641026963174,10.0,-0.5,0.0,0.0,0.0
0.1,0.125,0.1,1.0,1.25,0.8,0.8,0.1,0.1,0.0,0.05,0.5,0.5,0.8,0.5,0.8,0.5,0.0,0.0,0.0,0.0,0.8,0.5,0.8,0.5,0.0,0.0,0.0,0.0,0.8,10.0,0.8,10.0,0.5,0.3999999999999999,0.3999999999999999,-0.09999999999999998
0.14846,0.175,0.2,1.2449999999999999,1.75,0.8,0.72,0.1,0.1,0.0,0.1,0.7,0.7,0.8,0.658,0.8,0.7,10.0,0.041999999999999996,0.0,0.0,0.8,0.587,0.8,0.542,10.0,0.020999999999999998,0.0,0.0,0.72,10.0,1.1999062299728394,10.0,0.17358210965916743,0.0,0.0,2.220446049250313e-16
0.11275,0.21230000000000002,0.20054,1.377,1.75,0.72,0.7200000000000002,0.1,0.00054,0.0,0.1,0.7,0.7,0.72,0.7,1.1999062299728394,0.7,0.0,0.0,0.0,0.0,0.72,0.6769999999999999,1.1999062299728394,0.414,0.0,0.0,0.0,0.0,0.7200000000000002,10.0,1.5208464035124543,10.0,0.38691796008869184,0.0,0.0,-2.220446049250313e-16
0.09681000000000001,0.20235,0.20061,1.357,1.2575,0.7200000000000002,0.72,0.1,7.000000000000001e-05,0.0,0.1,0.7,0.7,0.7200000000000002,0.503,1.5208464035124543,0.503,0.0,0.0,0.0,0.0,0.7200000000000002,0.8539999999999999,1.5208464035124543,0.5940000000000001,0.0,0.0,0.0,0.0,0.72,10.0,1.1086047955479035,10.0,0.5,0.0,0.0,2.220446049250313e-16
0.10441,0.1883,0.20061,1.4629999999999999,1.3225,0.72,0.7200000000000002,0.09681000000000001,0.0,0.1,0.1,0.7,0.7,0.72,0.529,1.1086047955479035,0.529,0.0,0.0,0.0,0.0,0.72,0.9339999999999999,1.1086047955479035,0.924,0.0,0.0,0.0,0.0,0.7200000000000002,10.0,1.0531160593994287,10.0,0.427210037352744,0.0,0.0,-2.220446049250313e-16
0.00474,0.18864999999999996,0.10061,1.469,1.4725,0.7200000000000002,0.72,0.09681000000000001,0.0,0.1,0.05,0.7,0.7,0.7200000000000002,0.589,1.0531160593994287,0.589,0.0,0.0,0.0,0.0,0.7200000000000002,0.8800000000000001,1.0531160593994287,0.6519999999999999,0.0,0.0,0.0,0.0,0.72,10.0,1.3859382549243318,10.0,0.5,0.0,0.0,2.220446049250313e-16
0.1,0.125,0.1,1.0,1.25,0.8,0.8,0.1,0.1,0.0,0.05,0.5,0.5,0.8,0.5,0.8,0.5,0.0,0.0,0.0,0.0,0.8,0.5,0.8,0.5,0.0,0.0,0.0,0.0,0.8,10.0,0.8,10.0,-0.5,0.3999999999999999,0.3999999999999999,-0.18999999999999995
0.09942000000000001,0.15625,0.1,1.249,1.5625,0.8,0.648,0.0,0.0,0.0,0.05,0.7,0.7,0.8,0.625,0.8,0.625,0.0,0.0,0.0,0.0,0.8,0.624,0.8,0.542,0.0,0.0,0.0,0.0,0.648,10.0,1.1999062299728394,10.0,-0.5,0.0,0.0,0.0
0.08245000000000001,0.16274999999999998,0.1,1.28,1.345,0.648,0.648,0.0,0.0,0.0,0.05,0.7,0.7,0.648,0.538,1.1999062299728394,0.538,0.0,0.0,0.0,0.0,0.648,0.742,1.1999062299728394,0.667,0.0,0.0,0.0,0.0,0.648,10.0,0.9647104898519228,10.0,-0.5,0.0,0.0,0.0
0.09058,0.15,0.1,1.405,1.2775,0.648,0.648,0.0,0.0,0.0,0.05,0.7,0.7,0.648,0.511,0.9647104898519228,0.511,0.0,0.0,0.0,0.0,0.648,0.8939999999999999,0.9647104898519228,0.771,0.0,0.0,0.0,0.0,0.648,10.0,0.9907372680059664,10.0,-0.5,0.1428571428571428,0.1428571428571428,0.0
0.08843000000000001,0.15095,0.1,1.373,1.3825,0.648,0.648,0.0,0.0,0.1,0.05,0.8,0.8,0.648,0.553,0.9907372680059664,0.553,0.0,0.0,0.0,0.0,0.648,0.82,0.9907372680059664,0.6849999999999999,0.0,0.0,0.0,0.0,0.648,10.0,1.3232482598703863,10.0,-0.5,0.0,0.0,0.0
0.1,0.125,0.1,1.0,1.25,0.8,0.8,0.1,0.1,0.0,0.05,0.5,0.5,0.8,0.5,0.8,0.5,0.0,0.0,0.0,0.0,0.8,0.5,0.8,0.5,0.0,0.0,0.0,0.0,0.8,10.0,0.8,10.0,-0.5,0.5,0.5,-0.375
0.09942000000000001,0.15625,0.1,1.249,1.5625,0.8,0.5,0.0,0.0,0.0,0.05,0.75,0.75,0.8,0.625,0.8,0.625,0.0,0.0,0.0,0.0,0.8,0.624,0.8,0.542,0.0,0.0,0.0,0.0,0.5,10.0,1.1999062299728394,10.0,-0.5,0.0,0.0,0.0
0.06793,0.16560000000000002,0.1,1.369,1.4625,0.5,0.5,0.0,0.0,0.0,0.05,0.75,0.75,0.5,0.585,1.1999062299728394,0.585,0.0,0.0,0.0,0.0,0.5,0.784,1.1999062299728394,0.6910000000000001,0.0,0.0,0.0,0.0,0.5,10.0,0.9320326870476539,10.0,-0.5,0.0,0.0,0.0
0.0733,0.13660000000000003,0.1,1.475,1.185,0.5,0.5,0.0,0.0,0.0,0.05,0.75,0.75,0.5,0.47400000000000003,0.9320326870476539,0.47400000000000003,0.0,0.0,0.0,0.0,0.5,1.001,0.9320326870476539,0.8380000000000001,0.0,0.0,0.0,0.0,0.5,10.0,1.157837781063488,10.0,-0.5,0.0,0.0,0.0
0.06431999999999999,0.11750000000000005,0.1,1.2959999999999998,1.105,0.5,0.5,0.0,0.0,0.1,0.05,0.75,0.75,0.5,0.442,1.157837781063488,0.442,0.0,0.0,0.0,0.0,0.5,0.8539999999999999,1.157837781063488,0.728,0.0,0.0,0.0,0.0,0.5,10.0,1.3816970057148255,10.0,-0.5,0.0,0.0,0.0
0.1,0.125,0.1,1.0,1.25,0.8,0.8,0.1,0.1,0.0,0.05,0.5,0.5,0.8,0.5,0.8,0.5,0.0,0.0,0.0,0.0,0.8,0.5,0.8,0.5,0.0,0.0,0.0,0.0,0.8,10.0,0.8,10.0,-0.5,0.19999999999999996,0.19999999999999996,0.0
0.10142,0.15259999999999999,0.1,1.224,1.5,0.8,0.8,0.0,0.0,0.0,0.05,0.6,0.6,0.8,0.6,0.8,0.6,0.0,0.0,0.0,0.0,0.8,0.624,0.8,0.542,0.0,0.0,0.0,0.0,0.8,10.0,1.1999062299728394,10.0,-0.5,0.0,0.0,0.25
0.09648000000000001,0.15815,0.1,1.2120000000000002,1.2675,0.8,1.0,0.0,0.0,0.0,0.05,0.6,0.6,0.8,0.507,1.1999062299728394,0.507,0.0,0.0,0.0,0.0,0.8,0.705,1.1999062299728394,0.647,0.0,0.0,0.0,0.0,1.0,10.0,1.0275955627523814,10.0,-0.5,0.0,0.0,-0.09999999999999998
0.12047,0.15615,0.1,1.21,1.19,1.0,0.9,0.0,0.0,0.0,0.05,0.6,0.6,1.0,0.476,1.0275955627523814,0.476,0.0,0.0,0.0,0.0,1.0,0.734,1.0275955627523814,0.579,0.0,0.0,0.0,0.0,0.9,10.0,1.151098891486488,10.0,-0.5,0.0,0.0,0.0
0.11837,0.17090000000000002,0.1,1.3199999999999998,1.4675,0.9,0.9,0.0,0.0,0.1,0.05,0.6,0.6,0.9,0.587,1.151098891486488,0.587,0.0,0.0,0.0,0.0,0.9,0.733,1.151098891486488,0.603,0.0,0.0,0.0,0.0,0.9,10.0,1.2431845108602793,10.0,-0.5,-0.09999999999999998,-0.09999999999999998,0.11111111111111116
0.02499,0.16940000000000005,0.0,1.365,1.35,0.9,1.0,0.0,0.0,0.0,0.0,0.54,0.54,0.9,0.54,1.2431845108602793,0.54,0.0,0.0,0.0,0.0,0.9,0.825,1.2431845108602793,0.651,0.0,0.0,0.0,0.0,1.0,10.0,1.2781517580958228,10.0,-0.5,0.0,0.0,0.0
0.09173,0.10510000000000005,0.0,0.9179999999999999,0.275,1.0,1.0,0.0,0.0,0.0,0.0,0.54,0.54,1.0,0.11000000000000001,1.2781517580958228,0.11000000000000001,0.0,0.0,0.0,0.0,1.0,0.808,1.2781517580958228,0.6679999999999999,0.0,0.0,0.0,0.0,1.0,10.0,1.3489685826582156,10.0,-0.5,0.0,0.0,0.10000000000000009
0.08412,0.11860000000000005,0.0,0.8400000000000001,0.975,1.0,1.1,0.0,0.0,0.0,0.0,0.54,0.54,1.0,0.39,1.3489685826582156,0.39,0.0,0.0,0.0,0.0,1.0,0.45,1.3489685826582156,0.386,0.0,0.0,0.0,0.0,1.1,10.0,1.5991448000490596,10.0,-0.5,0.0,0.0,-0.18181818181818177
0.0889,0.11570000000000008,0.0,0.8089999999999999,0.78,1.1,0.9,0.0,0.0,0.0,0.0,0.54,0.54,1.1,0.312,1.5991448000490596,0.312,0.0,0.0,0.0,0.0,1.1,0.497,1.5991448000490596,0.45499999999999996,0.0,0.0,0.0,0.0,0.9,10.0,1.9102389408072475,10.0,-0.5,0.0,0.0,0.11111111111111116
0.07435,0.11220000000000008,0.0,0.825,0.79,0.9,1.0,0.0,0.0,0.0,0.0,0.54,0.54,0.9,0.316,1.9102389408072475,0.316,0.0,0.0,0.0,0.0,0.9,0.509,1.9102389408072475,0.465,0.0,0.0,0.0,0.0,1.0,10.0,1.7901892503736019,10.0,-0.5,0.0,0.0,0.0
0.07363,0.10520000000000007,0.0,0.7350000000000001,0.665,1.0,1.0,0.0,0.0,0.0,0.0,0.54,0.54,1.0,0.266,1.7901892503736019,0.266,0.0,0.0,0.0,0.0,1.0,0.46900000000000003,1.7901892503736019,0.441,0.0,0.0,0.0,0.0,1.0,10.0,1.7584092320334181,10.0,-0.5,0.0,0.0,-0.19999999999999996
0.06878000000000001,0.10315000000000006,0.0,0.688,0.6675,1.0,0.8,0.0,0.0,0.0,0.0,0.54,0.54,1.0,0.267,1.7584092320334181,0.267,0.0,0.0,0.0,0.0,1.0,0.421,1.7584092320334181,0.434,0.0,0.0,0.0,0.0,0.8,10.0,1.8826339729331683,10.0,-0.5,0.0,0.0,0.0
0.054020000000000006,0.09975000000000006,0.0,0.674,0.64,0.8,0.8,0.0,0.0,0.0,0.0,0.54,0.54,0.8,0.256,1.8826339729331683,0.256,0.0,0.0,0.0,0.0,0.8,0.418,1.8826339729331683,0.434,0.0,0.0,0.0,0.0,0.8,10.0,1.727731377884113,10.0,-0.5,0.0,0.0,0.0
0.04729,0.09405000000000008,0.0,0.592,0.535,0.8,0.8,0.0,0.0,0.0,0.0,0.54,0.54,0.8,0.21400000000000002,1.727731377884113,0.21400000000000002,0.0,0.0,0.0,0.0,0.8,0.378,1.727731377884113,0.40700000000000003,0.0,0.0,0.0,0.0,0.8,10.0,1.6453687573053688,10.0,-0.5,0.0,0.0,-0.25
0.04201,0.08990000000000009,0.0,0.524,0.48250000000000004,0.8,0.6,0.0,0.0,0.0,0.0,0.54,0.54,0.8,0.193,1.6453687573053688,0.193,0.0,0.0,0.0,0.0,0.8,0.331,1.6453687573053688,0.39,0.0,0.0,0.0,0.0,0.6,10.0,1.7256707378199176,10.0,-0.5,0.0,0.0,0.0
0.02932,0.08615000000000009,0.0,0.49000000000000005,0.4525,0.6,0.6,0.0,0.0,0.0,0.0,0.54,0.54,0.6,0.181,1.7256707378199176,0.181,0.0,0.0,0.0,0.0,0.6,0.309,1.7256707378199176,0.45099999999999996,0.0,0.0,0.0,0.0,0.6,10.0,1.7107026147058382,10.0,-0.5,0.0,0.0,0.0
0.02631,0.0740000000000001,0.0,0.43900000000000006,0.3175,0.6,0.6,0.0,0.0,0.0,0.0,0.54,0.54,0.6,0.127,1.7107026147058382,0.127,0.0,0.0,0.0,0.0,0.6,0.312,1.7107026147058382,0.492,0.0,0.0,0.0,0.0,0.6,10.0,1.6684382117936436,10.0,-0.5,-0.5,-0.5,-0.16666666666666663
0.02268,0.06520000000000009,0.0,0.378,0.29,0.6,0.5,0.0,0.0,0.0,0.0,0.27,0.27,0.6,0.11599999999999999,1.6684382117936436,0.11599999999999999,0.0,0.0,0.0,0.0,0.6,0.262,1.6684382117936436,0.5519999999999999,0.0,0.0,0.0,0.0,0.5,10.0,1.743841695362826,10.0,-0.5,0.0,0.0,0.0
0.01767,0.05515000000000009,0.0,0.35300000000000004,0.2525,0.5,0.5,0.0,0.0,0.0,0.0,0.27,0.27,0.5,0.101,1.743841695362826,0.101,0.0,0.0,0.0,0.0,0.5,0.252,1.743841695362826,0.602,0.0,0.0,0.0,0.0,0.5,10.0,1.6944551605724698,10.0,-0.5,0.0,0.0,0.0
0.01399,0.047200000000000096,0.0,0.282,0.20250000000000004,0.5,0.5,0.0,0.0,0.0,0.0,0.27,0.27,0.5,0.081,1.6944551605724698,0.081,0.0,0.0,0.0,0.0,0.5,0.20099999999999998,1.6944551605724698,0.508,0.0,0.0,0.0,0.0,0.5,10.0,1.6283219697203901,10.0,-0.5,0.0,0.0,0.0
0.00904,0.045500000000000096,0.0,0.182,0.165,0.5,0.5,0.0,0.0,0.0,0.0,0.27,0.27,0.5,0.066,1.6283219697203901,0.066,0.0,0.0,0.0,0.0,0.5,0.11599999999999999,1.6283219697203901,0.396,0.0,0.0,0.0,0.0,0.5,10.0,1.6563246470282924,10.0,0.49557522123893816,0.0,0.0,-0.5
0.00709,0.047450000000000096,0.00492,0.14300000000000002,0.1625,0.5,0.25,0.009,0.00492,0.0,0.002,0.27,0.27,0.5,0.065,1.6563246470282924,0.065,0.0,0.0,0.0,0.0,0.5,0.078,1.6563246470282924,0.356,0.0,0.0,0.0,0.0,0.25,10.0,1.7108895840145244,10.0,0.48730606488011285,-0.5,-0.5,-0.5
0.00376,0.048950000000000105,0.0108,0.15,0.165,0.25,0.125,0.007,0.00588,0.0,0.005,0.135,0.135,0.25,0.066,1.7108895840145244,0.066,0.0,0.0,0.0,0.0,0.25,0.08399999999999999,1.7108895840145244,0.27999999999999997,0.0,0.0,0.0,0.0,0.125,10.0,1.4537666467783048,10.0,0.5,-0.5,-0.5,-0.5
0.00164,0.0419500000000001,0.01089,0.13,0.06,0.125,0.0625,0.00376,8.999999999999999e-05,0.0,0.005,0.0675,0.0675,0.125,0.024,1.4537666467783048,0.024,0.0,0.0,0.0,0.0,0.125,0.10600000000000001,1.4537666467783048,0.288,0.0,0.0,0.0,0.0,0.0625,10.0,1.1745551722152323,10.0,0.5,-0.5,-0.5,-0.5
0.00111,0.027400000000000105,0.01091,0.178,0.0325,0.0625,0.03125,0.00164,2e-05,0.0,0.005,0.03375,0.03375,0.0625,0.013000000000000001,1.1745551722152323,0.013000000000000001,0.0,0.0,0.0,0.0,0.0625,0.16499999999999998,1.1745551722152323,0.266,0.0,0.0,0.0,0.0,0.03125,10.0,1.7161094970675363,10.0,0.5,-0.4998518518518519,-0.4998518518518519,-0.49984000000000006
0.00055,0.012100000000000102,0.01092,0.168,0.015,0.03125,0.015629999999999998,0.00111,1e-05,0.00492,0.005,0.01688,0.01688,0.03125,0.006,1.7161094970675363,0.006,0.0,0.0,0.0,0.0,0.03125,0.162,1.7161094970675363,0.16999999999999998,0.0,0.0,0.0,0.0,0.015629999999999998,10.0,1.1339073342000476,10.0,0.5,-0.5,-0.5,-0.4996801023672425
0.1,0.125,0.1,1.0,1.25,0.8,0.8,0.1,0.1,0.0,0.05,0.5,0.5,0.8,0.5,0.8,0.5,0.0,0.0,0.0,0.0,0.8,0.5,0.8,0.5,0.0,0.0,0.0,0.0,0.8,10.0,0.8,10.0,-0.5,0.0,0.0,0.0
0.10942,0.1376,0.1,1.124,1.25,0.8,0.8,0.0,0.0,0.0,0.05,0.5,0.5,0.8,0.5,0.8,0.5,0.0,0.0,0.0,0.0,0.8,0.624,0.8,0.542,0.0,0.0,0.0,0.0,0.8,10.0,1.1999062299728394,10.0,-0.5,0.0,0.0,0.0
0.10156,0.14679999999999999,0.1,1.158,1.25,0.8,0.8,0.0,0.0,0.0,0.05,0.5,0.5,0.8,0.5,1.1999062299728394,0.5,0.0,0.0,0.0,0.0,0.8,0.658,1.1999062299728394,0.595,0.0,0.0,0.0,0.0,0.8,10.0,1.077443212959877,10.0,-0.5,0.0,0.0,0.0
0.10903,0.1445,0.1,1.2730000000000001,1.25,0.8,0.8,0.0,0.0,0.0,0.05,0.5,0.5,0.8,0.5,1.077443212959877,0.5,0.0,0.0,0.0,0.0,0.8,0.773,1.077443212959877,0.657,0.0,0.0,0.0,0.0,0.8,10.0,1.0757209462548742,10.0,-0.5,0.0,0.0,0.0
0.11506,0.1441,0.1,1.254,1.25,0.8,0.8,0.0,0.0,0.1,0.05,0.5,0.5,0.8,0.5,1.0757209462548742,0.5,0.0,0.0,0.0,0.0,0.8,0.754,1.0757209462548742,0.648,0.0,0.0,0.0,0.0,0.8,10.0,1.0842664102858532,10.0,-0.5,0.0,0.0,0.0
0.018510000000000002,0.1464,0.0,1.2269999999999999,1.25,0.8,0.8,0.0,0.0,0.0,0.0,0.5,0.5,0.8,0.5,1.0842664102858532,0.5,0.0,0.0,0.0,0.0,0.8,0.727,1.0842664102858532,0.575,0.0,0.0,0.0,0.0,0.8,10.0,1.157736284076207,10.0,-0.5,0.0,0.0,0.0
0.06695000000000001,0.08635000000000001,0.0,0.8379999999999999,0.2375,0.8,0.8,0.0,0.0,0.0,0.0,0.5,0.5,0.8,0.095,1.157736284076207,0.095,0.0,0.0,0.0,0.0,0.8,0.743,1.157736284076207,0.626,0.0,0.0,0.0,0.0,0.8,10.0,1.1804943514825486,10.0,-0.5,0.0,0.0,0.0
0.061130000000000004,0.09445,0.0,0.764,0.845,0.8,0.8,0.0,0.0,0.0,0.0,0.5,0.5,0.8,0.33799999999999997,1.1804943514825486,0.33799999999999997,0.0,0.0,0.0,0.0,0.8,0.426,1.1804943514825486,0.353,0.0,0.0,0.0,0.0,0.8,10.0,1.3789101382212847,10.0,-0.5,0.0,0.0,0.0
0.05926,0.09050000000000001,0.0,0.742,0.7025,0.8,0.8,0.0,0.0,0.0,0.0,0.5,0.5,0.8,0.281,1.3789101382212847,0.281,0.0,0.0,0.0,0.0,0.8,0.461,1.3789101382212847,0.40099999999999997,0.0,0.0,0.0,0.0,0.8,10.0,1.6139815989765485,10.0,-0.5,0.0,0.0,0.0
0.05596,0.08195000000000001,0.0,0.6980000000000001,0.6125,0.8,0.8,0.0,0.0,0.0,0.0,0.5,0.5,0.8,0.24500000000000002,1.6139815989765485,0.24500000000000002,0.0,0.0,0.0,0.0,0.8,0.453,1.6139815989765485,0.404,0.0,0.0,0.0,0.0,0.8,10.0,1.6913517957492032,10.0,-0.5,0.0,0.0,0.0
0.05166,0.07350000000000001,0.0,0.647,0.5625,0.8,0.8,0.0,0.0,0.0,0.0,0.5,0.5,0.8,0.225,1.6913517957492032,0.225,0.0,0.0,0.0,0.0,0.8,0.422,1.6913517957492032,0.386,0.0,0.0,0.0,0.0,0.8,10.0,1.7145683989992033,10.0,-0.5,0.0,0.0,0.0
0.04747,0.06555000000000001,0.0,0.592,0.5125,0.8,0.8,0.0,0.0,0.0,0.0,0.5,0.5,0.8,0.205,1.7145683989992033,0.205,0.0,0.0,0.0,0.0,0.8,0.387,1.7145683989992033,0.378,0.0,0.0,0.0,0.0,0.8,10.0,1.752160541901262,10.0,-0.5,0.0,0.0,0.0
0.04256,0.058850000000000006,0.0,0.532,0.465,0.8,0.8,0.0,0.0,0.0,0.0,0.5,0.5,0.8,0.186,1.752160541901262,0.186,0.0,0.0,0.0,0.0,0.8,0.346,1.752160541901262,0.433,0.0,0.0,0.0,0.0,0.8,10.0,1.8290688982472356,10.0,-0.5,0.0,0.0,0.0
0.03925,0.05025000000000001,0.0,0.491,0.4050000000000001,0.8,0.8,0.0,0.0,0.0,0.0,0.5,0.5,0.8,0.162,1.8290688982472356,0.162,0.0,0.0,0.0,0.0,0.8,0.329,1.8290688982472356,0.51,0.0,0.0,0.0,0.0,0.8,10.0,1.863678303511256,10.0,-0.5,0.0,0.0,0.0
0.03689,0.041000000000000016,0.0,0.45999999999999996,0.3675,0.8,0.8,0.0,0.0,0.0,0.0,0.5,0.5,0.8,0.147,1.863678303511256,0.147,0.0,0.0,0.0,0.0,0.8,0.313,1.863678303511256,0.5650000000000001,0.0,0.0,0.0,0.0,0.8,10.0,1.8804994495646348,10.0,-0.5,0.0,0.0,0.0
0.03118,0.036400000000000016,0.0,0.39099999999999996,0.345,0.8,0.8,0.0,0.0,0.0,0.0,0.5,0.5,0.8,0.13799999999999998,1.8804994495646348,0.13799999999999998,0.0,0.0,0.0,0.0,0.8,0.253,1.8804994495646348,0.505,0.0,0.0,0.0,0.0,0.8,10.0,1.891047496044182,10.0,-0.5,0.0,0.0,0.0
0.02252,0.03720000000000002,0.0,0.282,0.29,0.8,0.8,0.0,0.0,0.0,0.0,0.5,0.5,0.8,0.11599999999999999,1.891047496044182,0.11599999999999999,0.0,0.0,0.0,0.0,0.8,0.16599999999999998,1.891047496044182,0.44000000000000006,0.0,0.0,0.0,0.0,0.8,10.0,1.9910165568597802,10.0,-0.5,0.0,0.0,0.0
0.015189999999999999,0.038350000000000016,0.0,0.191,0.20250000000000004,0.8,0.8,0.0,0.0,0.0,0.0,0.5,0.5,0.8,0.081,1.9910165568597802,0.081,0.0,0.0,0.0,0.0,0.8,0.11000000000000001,1.9910165568597802,0.368,0.0,0.0,0.0,0.0,0.8,10.0,2.0812233718873396,10.0,-0.5,0.0,0.0,0.0
0.01,0.039000000000000014,0.0,0.126,0.1325,0.8,0.8,0.0,0.0,0.0,0.0,0.5,0.5,0.8,0.053000000000000005,2.0812233718873396,0.053000000000000005,0.0,0.0,0.0,0.0,0.8,0.073,2.0812233718873396,0.282,0.0,0.0,0.0,0.0,0.8,10.0,2.0793783385399234,10.0,-0.5,0.0,0.0,0.0
0.00992,0.03525000000000002,0.0,0.125,0.0875,0.8,0.8,0.0,0.0,0.0,0.0,0.5,0.5,0.8,0.034999999999999996,2.0793783385399234,0.034999999999999996,0.0,0.0,0.0,0.0,0.8,0.09,2.0793783385399234,0.33199999999999996,0.0,0.0,0.0,0.0,0.8,10.0,2.0313831052755895,10.0,-0.5,0.0,0.0,0.0
0.016890000000000002,0.022900000000000018,0.0,0.211,0.0875,0.8,0.8,0.0,0.0,0.0,0.0,0.5,0.5,0.8,0.034999999999999996,2.0313831052755895,0.034999999999999996,0.0,0.0,0.0,0.0,0.8,0.176,2.0313831052755895,0.44800000000000006,0.0,0.0,0.0,0.0,0.8,10.0,1.9272236414688364,10.0,-0.5,0.0,0.0,0.0
0.018179999999999998,0.01275,0.0,0.22800000000000004,0.1275,0.8,0.8,0.0,0.0,0.0,0.0,0.5,0.5,0.8,0.05,1.9272236414688364,0.062,10.0,0.001,0.0,0.0,0.8,0.178,1.9272236414688364,0.622,10.0,0.004,0.0,0.0,0.8,10.0,1.9901065227376697,10.0,-0.5,0.0,0.0,0.0
0.01052,0.0095,0.0,0.127,0.095,0.8,0.8,0.0,0.0,0.0,0.0,0.5,0.5,0.8,0.036,1.9901065227376697,0.065,10.0,0.002,0.0,0.0,0.8,0.091,1.9901065227376697,0.516,10.0,0.006,0.0,0.0,0.8,10.0,2.6933125873159787,10.0,-0.5,0.0,0.0,0.0
0.0077599999999999995,0.004,0.0,0.094,0.04,0.8,0.8,0.0,0.0,0.0,0.0,0.5,0.5,0.8,0.015,2.6933125873159787,0.03,10.0,0.001,0.0,0.0,0.8,0.079,2.6933125873159787,0.32799999999999996,10.0,0.006,0.0,0.0,0.8,10.0,1.4461949618424965,10.0,-0.5,0.0,0.0,0.0
0.00326,0.0025,0.0,0.04,0.025,0.8,0.8,0.0,0.0,0.0,0.0,0.5,0.5,0.8,0.008,1.4461949618424965,0.034999999999999996,10.0,0.002,0.0,0.0,0.8,0.032,1.4461949618424965,0.516,10.0,0.008,0.0,0.0,0.8,10.0,1.338467872830076,10.0,-0.5,0.0,0.0,0.0
0.1,0.125,0.1,1.0,1.25,0.8,0.8,0.1,0.1,0.0,0.05,0.5,0.5,0.8,0.5,0.8,0.5,0.0,0.0,0.0,0.0,0.8,0.5,0.8,0.5,0.0,0.0,0.0,0.0,0.8,10.0,0.8,10.0,-0.4,0.0,0.0,0.25
0.11942,0.1376,0.11,1.124,1.25,0.8,1.0,0.009999999999999998,0.01,0.0,0.05500000000000001,0.5,0.5,0.8,0.5,0.8,0.5,0.0,0.0,0.0,0.0,0.8,0.624,0.8,0.542,0.0,0.0,0.0,0.0,1.0,10.0,1.1999062299728394,10.0,-0.4162619326745939,0.0,0.0,0.0
0.13407,0.1474,0.12,1.152,1.25,1.0,1.0,0.009999999999999998,0.01,0.0,0.06,0.5,0.5,1.0,0.5,1.1999062299728394,0.5,0.0,0.0,0.0,0.0,1.0,0.6519999999999999,1.1999062299728394,0.5740000000000001,0.0,0.0,0.0,0.0,1.0,10.0,1.220767927806188,10.0,-0.42541209815767883,0.0,0.0,0.0
0.14606,0.1491,0.12032999999999999,1.233,1.25,1.0,1.0,0.009999999999999998,0.00033,0.0,0.06,0.5,0.5,1.0,0.5,1.220767927806188,0.5,0.0,0.0,0.0,0.0,1.0,0.733,1.220767927806188,0.596,0.0,0.0,0.0,0.0,1.0,10.0,1.3439658705646593,10.0,-0.431534985622347,0.0,0.0,0.0
0.15597999999999998,0.1464,0.12035,1.277,1.25,1.0,1.0,0.009999999999999998,2e-05,0.1,0.06,0.5,0.5,1.0,0.5,1.3439658705646593,0.5,0.0,0.0,0.0,0.0,1.0,0.7769999999999999,1.3439658705646593,0.622,0.0,0.0,0.0,0.0,1.0,10.0,1.4181484700191653,10.0,-0.4358892165662264,0.0,0.0,0.0
0.06427,0.1416,0.02035,1.298,1.25,1.0,1.0,0.010000000000000002,0.0,0.01,0.01,0.5,0.5,1.0,0.5,1.4181484700191653,0.5,0.0,0.0,0.0,0.0,1.0,0.798,1.4181484700191653,0.602,0.0,0.0,0.0,0.0,1.0,10.0,1.4734786826055886,10.0,-0.3444064104558892,0.0,0.0,0.0
0.09605,0.1005,0.01044,1.061,0.65,1.0,1.0,0.01,8.999999999999999e-05,0.01,0.005,0.5,0.5,1.0,0.26,1.4734786826055886,0.26,0.0,0.0,0.0,0.0,1.0,0.8009999999999999,1.4734786826055886,0.617,0.0,0.0,0.0,0.0,1.0,10.0,1.4722869647979757,10.0,-0.3958875585632483,0.0,0.0,0.0
0.08027,0.1087,0.00182,0.9029999999999999,0.985,1.0,1.0,0.01,0.00138,0.00033,0.001,0.5,0.5,1.0,0.394,1.4722869647979757,0.394,0.0,0.0,0.0,0.0,1.0,0.509,1.4722869647979757,0.457,0.0,0.0,0.0,0.0,1.0,10.0,1.65112929964146,10.0,-0.37542045596113116,0.0,0.0,0.0
0.08881,0.09835,0.00478,0.891,0.7875,1.0,1.0,0.010000000000000002,0.00329,2e-05,0.002,0.5,0.5,1.0,0.315,1.65112929964146,0.315,0.0,0.0,0.0,0.0,1.0,0.576,1.65112929964146,0.49000000000000005,0.0,0.0,0.0,0.0,1.0,10.0,1.7449694302903889,10.0,-0.3874000675599595,0.0,0.0,0.0
0.08297,0.0977,0.00637,0.829,0.8225,1.0,1.0,0.009999999999999998,0.00161,0.0,0.003,0.5,0.5,1.0,0.329,1.7449694302903889,0.329,0.0,0.0,0.0,0.0,1.0,0.5,1.7449694302903889,0.461,0.0,0.0,0.0,0.0,1.0,10.0,1.7877851225566697,10.0,-0.3794745088586236,0.0,0.0,0.0
0.08009000000000001,0.09469999999999999,0.009380000000000001,0.8,0.77,1.0,1.0,0.01,0.0030099999999999997,8.999999999999999e-05,0.005,0.5,0.5,1.0,0.308,1.7877851225566697,0.308,0.0,0.0,0.0,0.0,1.0,0.492,1.7877851225566697,0.457,0.0,0.0,0.0,0.0,1.0,10.0,1.7986374088679422,10.0,-0.37514046697465353,0.0,0.0,0.0
0.07583,0.09444999999999998,0.01397,0.76,0.7575,1.0,1.0,0.01,0.00468,0.00138,0.007000000000000001,0.5,0.5,1.0,0.303,1.7986374088679422,0.303,0.0,0.0,0.0,0.0,1.0,0.457,1.7986374088679422,0.45199999999999996,0.0,0.0,0.0,0.0,1.0,10.0,1.8140027303736492,10.0,-0.3681260714756692,0.0,0.0,0.0
0.07187,0.09499999999999999,0.01989,0.732,0.7375,1.0,1.0,0.010000000000000002,0.0073,0.00329,0.01,0.5,0.5,1.0,0.29500000000000004,1.8140027303736492,0.29500000000000004,0.0,0.0,0.0,0.0,1.0,0.437,1.8140027303736492,0.457,0.0,0.0,0.0,0.0,1.0,10.0,1.8189767434617292,10.0,-0.3608598859051064,0.0,0.0,0.0
0.06691,0.09634999999999998,0.02553,0.704,0.7175,1.0,1.0,0.010000000000000002,0.00893,0.00161,0.013000000000000001,0.5,0.5,1.0,0.28700000000000003,1.8189767434617292,0.28700000000000003,0.0,0.0,0.0,0.0,1.0,0.417,1.8189767434617292,0.479,0.0,0.0,0.0,0.0,1.0,10.0,1.8243147956103751,10.0,-0.3505455088925422,0.0,0.0,0.0
0.06538,0.09649999999999999,0.033,0.6709999999999999,0.6725,1.0,1.0,0.01,0.00908,0.0030099999999999997,0.016,0.5,0.5,1.0,0.269,1.8243147956103751,0.269,0.0,0.0,0.0,0.0,1.0,0.40199999999999997,1.8243147956103751,0.508,0.0,0.0,0.0,0.0,1.0,10.0,1.8393328919328167,10.0,-0.3470480269195473,0.0,0.0,0.0
0.061520000000000005,0.09704999999999998,0.03871,0.647,0.6525,1.0,1.0,0.009999999999999998,0.00872,0.00468,0.019,0.5,0.5,1.0,0.261,1.8393328919328167,0.261,0.0,0.0,0.0,0.0,1.0,0.386,1.8393328919328167,0.53,0.0,0.0,0.0,0.0,1.0,10.0,1.8739179136660944,10.0,-0.33745123537061117,0.0,0.0,0.0
0.05765,0.09564999999999997,0.04275,0.624,0.61,1.0,1.0,0.010000000000000002,0.00872,0.0073,0.020999999999999998,0.5,0.5,1.0,0.244,1.8739179136660944,0.244,0.0,0.0,0.0,0.0,1.0,0.38,1.8739179136660944,0.546,0.0,0.0,0.0,0.0,1.0,10.0,1.8928182898191022,10.0,-0.32653946227233305,0.0,0.0,0.0
0.05169,0.09334999999999997,0.04366,0.593,0.57,1.0,1.0,0.01,0.00821,0.00893,0.022,0.5,0.5,1.0,0.22799999999999998,1.8928182898191022,0.22799999999999998,0.0,0.0,0.0,0.0,1.0,0.365,1.8928182898191022,0.541,0.0,0.0,0.0,0.0,1.0,10.0,1.9078094842792985,10.0,-0.3065389823950474,0.0,0.0,0.0
0.04654,0.08954999999999998,0.04341,0.558,0.52,1.0,1.0,0.01,0.00868,0.00908,0.022,0.5,0.5,1.0,0.20800000000000002,1.9078094842792985,0.20800000000000002,0.0,0.0,0.0,0.0,1.0,0.35,1.9078094842792985,0.537,0.0,0.0,0.0,0.0,1.0,10.0,1.930311353003362,10.0,-0.2851310700472712,0.0,0.0,0.0
0.04237,0.0846,0.04256,0.517,0.4675000000000001,1.0,1.0,0.01,0.008230000000000001,0.00872,0.020999999999999998,0.5,0.5,1.0,0.187,1.930311353003362,0.187,0.0,0.0,0.0,0.0,1.0,0.32999999999999996,1.930311353003362,0.526,0.0,0.0,0.0,0.0,1.0,10.0,1.9655724944896353,10.0,-0.2639839509086618,0.0,0.0,0.0
0.039229999999999994,0.07865,0.04155,0.48200000000000004,0.4225,1.0,1.0,0.01,0.00771,0.00872,0.020999999999999998,0.5,0.5,1.0,0.16899999999999998,1.9655724944896353,0.16899999999999998,0.0,0.0,0.0,0.0,1.0,0.313,1.9655724944896353,0.517,0.0,0.0,0.0,0.0,1.0,10.0,2.0176105012878938,10.0,-0.2450930410400204,0.0,0.0,0.0
0.03574,0.0711,0.03843,0.44800000000000006,0.3725,1.0,1.0,0.01,0.0056,0.00821,0.019,0.5,0.5,1.0,0.149,2.0176105012878938,0.149,0.0,0.0,0.0,0.0,1.0,0.29900000000000004,2.0176105012878938,0.516,0.0,0.0,0.0,0.0,1.0,10.0,2.0701496065712224,10.0,-0.22020145495243426,0.0,0.0,0.0
0.03375,0.06149999999999999,0.03444,0.421,0.325,1.0,1.0,0.01,0.00422,0.00868,0.017,0.5,0.5,1.0,0.13,2.0701496065712224,0.13,0.0,0.0,0.0,0.0,1.0,0.29100000000000004,2.0701496065712224,0.561,0.0,0.0,0.0,0.0,1.0,10.0,2.138664358760548,10.0,-0.20370370370370372,0.0,0.0,0.0
0.03157,0.05074999999999999,0.02928,0.40499999999999997,0.2975,1.0,1.0,0.01,0.00352,0.008230000000000001,0.015,0.5,0.5,1.0,0.119,2.138664358760548,0.119,0.0,0.0,0.0,0.0,1.0,0.286,2.138664358760548,0.583,0.0,0.0,0.0,0.0,1.0,10.0,2.1418111492244387,10.0,-0.18324358568261007,0.0,0.0,0.0
0.03137,0.03864999999999999,0.02419,0.396,0.275,1.0,1.0,0.01,0.00314,0.00771,0.012,0.5,0.5,1.0,0.11000000000000001,2.1418111492244387,0.11000000000000001,0.0,0.0,0.0,0.0,1.0,0.286,2.1418111492244387,0.593,0.0,0.0,0.0,0.0,1.0,10.0,2.1341462603674612,10.0,-0.181224099458081,0.0,0.0,0.0
0.03105,0.026750000000000003,0.019039999999999998,0.387,0.2675,1.0,1.0,0.01,0.00256,0.0056,0.01,0.5,0.5,1.0,0.10700000000000001,2.1341462603674612,0.10800000000000001,0.0,0.0,0.0,0.0,1.0,0.27999999999999997,2.1341462603674612,0.601,0.0,0.0,0.0,0.0,1.0,10.0,2.14852706326631,10.0,-0.177938808373591,0.0,0.0,0.0
0.02128,0.018500000000000003,0.015529999999999999,0.265,0.185,1.0,1.0,0.01,0.00209,0.00422,0.008,0.5,0.5,1.0,0.071,2.14852706326631,0.10500000000000001,10.0,0.003,0.0,0.0,1.0,0.194,2.14852706326631,0.604,10.0,0.091,0.0,0.0,1.0,10.0,2.13286999953648,10.0,-0.03007518796992481,0.0,0.0,0.0
0.013949999999999999,0.01875,0.02131,0.185,0.1875,1.0,1.0,0.01,0.01,0.00352,0.011,0.5,0.5,1.0,0.072,2.13286999953648,0.1,10.0,0.003,0.0,0.0,1.0,0.11299999999999999,2.13286999953648,0.9029999999999999,10.0,0.044,0.0,0.0,1.0,10.0,1.2000087610027013,10.0,0.2168458781362007,0.0,0.0,0.0
0.014839999999999999,0.01625,0.02779,0.186,0.1625,1.0,1.0,0.01,0.01,0.00314,0.014000000000000002,0.5,0.5,1.0,0.06,1.2000087610027013,0.10900000000000001,10.0,0.005,0.0,0.0,1.0,0.126,1.2000087610027013,1.343,10.0,0.10300000000000001,0.0,0.0,1.0,10.0,1.7997226025023967,10.0,0.17385444743935308,0.0,0.0,0.0
0.1,0.125,0.1,1.0,1.25,0.8,0.8,0.1,0.1,0.0,0.05,0.5,0.5,0.8,0.5,0.8,0.5,0.0,0.0,0.0,0.0,0.8,0.5,0.8,0.5,0.0,0.0,0.0,0.0,0.8,10.0,0.8,10.0,-0.3,0.19999999999999996,0.19999999999999996,0.375
0.12142,0.15259999999999999,0.12,1.224,1.5,0.8,1.1,0.02,0.02,0.0,0.06,0.6,0.6,0.8,0.6,0.8,0.6,0.0,0.0,0.0,0.0,0.8,0.624,0.8,0.542,0.0,0.0,0.0,0.0,1.1,10.0,1.1999062299728394,10.0,-0.3352824905287432,0.0,0.0,0.0
0.14796,0.17059999999999997,0.13993,1.3199999999999998,1.5,1.1,1.1,0.02,0.01993,0.0,0.06999999999999999,0.6,0.6,1.1,0.6,1.1999062299728394,0.6,0.0,0.0,0.0,0.0,1.1,0.72,1.1999062299728394,0.65,0.0,0.0,0.0,0.0,1.1,10.0,1.2478074548594122,10.0,-0.3648283319816167,0.0,0.0,0.0
0.16271000000000002,0.1785,0.13994,1.421,1.5,1.1,1.1,0.019999999999999997,1e-05,0.0,0.06999999999999999,0.6,0.6,1.1,0.6,1.2478074548594122,0.6,0.0,0.0,0.0,0.0,1.1,0.8210000000000001,1.2478074548594122,0.638,0.0,0.0,0.0,0.0,1.1,10.0,1.4041730751585764,10.0,-0.3770819248970561,0.0,0.0,0.0
0.17698,0.1783,0.13994,1.502,1.5,1.1,1.1,0.02,0.0,0.1,0.06999999999999999,0.6,0.6,1.1,0.6,1.4041730751585764,0.6,0.0,0.0,0.0,0.0,1.1,0.9019999999999999,1.4041730751585764,0.693,0.0,0.0,0.0,0.0,1.1,10.0,1.4839763898127474,10.0,-0.38699288055147474,0.0,0.0,0.0
0.09031,0.1746,0.039939999999999996,1.537,1.5,1.1,1.1,0.02,0.0,0.02,0.02,0.6,0.6,1.1,0.6,1.4839763898127474,0.6,0.0,0.0,0.0,0.0,1.1,0.9369999999999999,1.4839763898127474,0.683,0.0,0.0,0.0,0.0,1.1,10.0,1.5410064340642677,10.0,-0.2785405824382682,0.0,0.0,0.0
0.1181,0.13440000000000002,0.01998,1.2570000000000001,0.8550000000000001,1.1,1.1,0.02,4e-05,0.01993,0.01,0.6,0.6,1.1,0.34199999999999997,1.5410064340642677,0.34199999999999997,0.0,0.0,0.0,0.0,1.1,0.915,1.5410064340642677,0.701,0.0,0.0,0.0,0.0,1.1,10.0,1.53512243812528,10.0,-0.33065198983911936,0.0,0.0,0.18181818181818188
0.09527,0.1462,0.00488,1.047,1.165,1.1,1.3,0.020000000000000004,0.00483,1e-05,0.002,0.6,0.6,1.1,0.466,1.53512243812528,0.466,0.0,0.0,0.0,0.0,1.1,0.581,1.53512243812528,0.526,0.0,0.0,0.0,0.0,1.3,10.0,1.6838246897466536,10.0,-0.29007032644064235,0.0,0.0,0.0
0.1359,0.13810000000000003,0.024730000000000002,1.0459999999999998,0.9650000000000001,1.3,1.3,0.020000000000000004,0.01986,0.0,0.012,0.6,0.6,1.3,0.386,1.6838246897466536,0.386,0.0,0.0,0.0,0.0,1.3,0.6599999999999999,1.6838246897466536,0.563,0.0,0.0,0.0,0.0,1.3,10.0,1.9076271456744345,10.0,-0.3528329654157469,0.0,0.0,0.0
0.14575,0.14740000000000003,0.04473,1.122,1.215,1.3,1.3,0.02,0.02,0.0,0.022,0.6,0.6,1.3,0.48600000000000004,1.9076271456744345,0.48600000000000004,0.0,0.0,0.0,0.0,1.3,0.636,1.9076271456744345,0.621,0.0,0.0,0.0,0.0,1.3,10.0,2.049617839160318,10.0,-0.362778730703259,0.0,0.0,0.0
0.16222,0.14615000000000003,0.06473000000000001,1.25,1.2375,1.3,1.3,0.02,0.02,4e-05,0.032,0.6,0.6,1.3,0.495,2.049617839160318,0.495,0.0,0.0,0.0,0.0,1.3,0.755,2.049617839160318,0.696,0.0,0.0,0.0,0.0,1.3,10.0,1.914053115014528,10.0,-0.37671063987177905,0.0,0.0,0.0
0.17512,0.15290000000000004,0.08469,1.35,1.4175,1.3,1.3,0.020000000000000004,0.02,0.00483,0.041999999999999996,0.6,0.6,1.3,0.567,1.914053115014528,0.567,0.0,0.0,0.0,0.0,1.3,0.783,1.914053115014528,0.7,0.0,0.0,0.0,0.0,1.3,10.0,1.860263133610615,10.0,-0.3857925993604385,0.0,0.0,0.0
0.19135,0.15590000000000004,0.09986,1.47,1.5,1.3,1.3,0.020000000000000007,0.02,0.01986,0.05,0.6,0.6,1.3,0.6,1.860263133610615,0.6,0.0,0.0,0.0,0.0,1.3,0.8699999999999999,1.860263133610615,0.8230000000000001,0.0,0.0,0.0,0.0,1.3,10.0,2.0293505122388185,10.0,-0.39547948784949044,0.0,0.0,0.0
0.19169,0.15170000000000003,0.1,1.542,1.5,1.3,1.3,0.020000000000000004,0.02,0.02,0.05,0.6,0.6,1.3,0.6,2.0293505122388185,0.6,0.0,0.0,0.0,0.0,1.3,0.942,2.0293505122388185,0.741,0.0,0.0,0.0,0.0,1.3,10.0,1.9966399187180524,10.0,-0.3956648755803641,0.0,0.0,0.23076923076923084
0.17097,0.16510000000000005,0.1,1.366,1.5,1.3,1.6,0.020000000000000004,0.02,0.02,0.05,0.6,0.6,1.3,0.6,1.9966399187180524,0.6,0.0,0.0,0.0,0.0,1.3,0.766,1.9966399187180524,0.9189999999999999,0.0,0.0,0.0,0.0,1.6,10.0,2.3302149823908107,10.0,-0.3830204129379423,0.0,0.0,0.0
0.20842,0.14350000000000007,0.1,1.4309999999999998,1.215,1.6,1.6,0.020000000000000004,0.02,0.02,0.05,0.6,0.6,1.6,0.48600000000000004,2.3302149823908107,0.48600000000000004,0.0,0.0,0.0,0.0,1.6,0.945,2.3302149823908107,0.9650000000000001,0.0,0.0,0.0,0.0,1.6,10.0,2.4578048933733,10.0,-0.4040399193935323,0.16666666666666674,0.16666666666666674,0.25
0.18234999999999998,0.15745000000000003,0.1,1.268,1.4075,1.6,2.0,0.02,0.02,0.02,0.05,0.7,0.7,1.6,0.563,2.4578048933733,0.563,0.0,0.0,0.0,0.0,1.6,0.705,2.4578048933733,0.967,0.0,0.0,0.0,0.0,2.0,10.0,2.6719932324491484,10.0,-0.39032081162599397,0.0,0.0,0.0
0.23315,0.13890000000000005,0.1,1.268,1.0825,2.0,2.0,0.02,0.02,0.02,0.05,0.7,0.7,2.0,0.433,2.6719932324491484,0.433,0.0,0.0,0.0,0.0,2.0,0.835,2.6719932324491484,1.332,0.0,0.0,0.0,0.0,2.0,10.0,3.3335853373044686,10.0,-0.4142183143898778,0.0,0.0,0.25
0.20389,0.14535000000000003,0.09999,1.123,1.1875,2.0,2.5,0.019999999999999997,0.019989999999999997,0.02,0.05,0.7,0.7,2.0,0.475,3.3335853373044686,0.475,0.0,0.0,0.0,0.0,2.0,0.648,3.3335853373044686,1.105,0.0,0.0,0.0,0.0,2.5,10.0,2.727612170403323,10.0,-0.401907891510128,0.0,0.0,0.0
0.26439999999999997,0.13845000000000002,0.09999,1.139,1.07,2.5,2.5,0.019999999999999997,0.02,0.02,0.05,0.7,0.7,2.5,0.42800000000000005,2.727612170403323,0.42800000000000005,0.0,0.0,0.0,0.0,2.5,0.7110000000000001,2.727612170403323,1.373,0.0,0.0,0.0,0.0,2.5,10.0,3.6677010204380216,10.0,-0.424357034795764,0.0,0.0,0.19999999999999996
0.28582,0.13120000000000004,0.09999,1.225,1.1525,2.5,3.0,0.020000000000000004,0.02,0.02,0.05,0.7,0.7,2.5,0.461,3.6677010204380216,0.461,0.0,0.0,0.0,0.0,2.5,0.764,3.6677010204380216,1.306,0.0,0.0,0.0,0.0,3.0,10.0,4.102480369841984,10.0,-0.4300258904205444,0.0,0.0,0.0
0.31375,0.12630000000000002,0.09679,1.114,1.065,3.0,3.0,0.02,0.016800000000000002,0.02,0.048,0.7,0.7,3.0,0.426,4.102480369841984,0.426,0.0,0.0,0.0,0.0,3.0,0.688,4.102480369841984,1.003,0.0,0.0,0.0,0.0,3.0,10.0,4.813495900913209,10.0,-0.4362549800796813,0.1428571428571428,0.1428571428571428,0.0
0.27108,0.12950000000000003,0.0768,0.9730000000000001,1.005,3.0,3.0,0.02,1e-05,0.019989999999999997,0.038,0.8,0.8,3.0,0.40199999999999997,4.813495900913209,0.40199999999999997,0.0,0.0,0.0,0.0,3.0,0.571,4.813495900913209,1.04,0.0,0.0,0.0,0.0,3.0,10.0,4.871719821346761,10.0,-0.42622104175889036,0.0,0.0,0.0
0.25358,0.12430000000000004,0.05687,0.9119999999999999,0.86,3.0,3.0,0.02,5.9999999999999995e-05,0.02,0.028000000000000004,0.8,0.8,3.0,0.344,4.871719821346761,0.344,0.0,0.0,0.0,0.0,3.0,0.568,4.871719821346761,1.02,0.0,0.0,0.0,0.0,3.0,10.0,5.115871144017607,10.0,-0.42112942661093145,0.0,0.0,0.43333333333333335
0.20103000000000001,0.12865000000000004,0.03693,0.739,0.7825,3.0,4.3,0.020000000000000004,5.9999999999999995e-05,0.02,0.018,0.8,0.8,3.0,0.313,5.115871144017607,0.313,0.0,0.0,0.0,0.0,3.0,0.426,5.115871144017607,0.861,0.0,0.0,0.0,0.0,4.3,10.0,5.211851849471186,10.0,-0.4005123613391036,0.0,0.0,0.0
0.2086,0.13005000000000005,0.023710000000000002,0.531,0.545,4.3,4.3,0.02,0.0067800000000000004,0.016800000000000002,0.012,0.8,0.8,4.3,0.21800000000000003,5.211851849471186,0.21800000000000003,0.0,0.0,0.0,0.0,4.3,0.313,5.211851849471186,0.794,0.0,0.0,0.0,0.0,4.3,10.0,5.770383066371694,10.0,-0.4041227229146692,0.0,0.0,0.16279069767441867
0.15508000000000002,0.14455000000000007,0.017839999999999998,0.4,0.545,4.3,5.0,0.02,0.01093,1e-05,0.009,0.8,0.8,4.3,0.21800000000000003,5.770383066371694,0.21800000000000003,0.0,0.0,0.0,0.0,4.3,0.182,5.770383066371694,0.533,0.0,0.0,0.0,0.0,5.0,10.0,5.383976937734262,10.0,-0.3710343048749033,0.0,0.0,0.0
0.15464,0.15380000000000005,0.029670000000000002,0.31,0.4025,5.0,5.0,0.019999999999999997,0.01184,5.9999999999999995e-05,0.015,0.8,0.8,5.0,0.161,5.383976937734262,0.161,0.0,0.0,0.0,0.0,5.0,0.149,5.383976937734262,0.533,0.0,0.0,0.0,0.0,5.0,10.0,5.782830682437395,10.0,-0.37066735644076565,0.0,0.0,0.0
0.14603,0.16225000000000006,0.03753,0.293,0.3775,5.0,5.0,0.019999999999999997,0.00792,5.9999999999999995e-05,0.019,0.8,0.8,5.0,0.151,5.782830682437395,0.151,0.0,0.0,0.0,0.0,5.0,0.142,5.782830682437395,0.507,0.0,0.0,0.0,0.0,5.0,10.0,5.673997362670064,10.0,-0.36304184071766077,0.0,0.0,0.0
0.14755000000000001,0.16690000000000005,0.037469999999999996,0.296,0.3425,5.0,5.0,0.019999999999999997,0.0,0.0067800000000000004,0.019,0.8,0.8,5.0,0.137,5.673997362670064,0.137,0.0,0.0,0.0,0.0,5.0,0.159,5.673997362670064,0.5,0.0,0.0,0.0,0.0,5.0,10.0,5.522749651150897,10.0,-0.36445272788885125,0.0,0.0,0.0
0.15725999999999998,0.16910000000000003,0.030690000000000002,0.32799999999999996,0.35,5.0,5.0,0.02,0.0,0.01093,0.015,0.8,0.8,5.0,0.13999999999999999,5.522749651150897,0.13999999999999999,0.0,0.0,0.0,0.0,5.0,0.188,5.522749651150897,0.49400000000000005,0.0,0.0,0.0,0.0,5.0,10.0,5.49816282798869,10.0,-0.37282207808724405,0.0,0.0,0.0
0.17721,0.16890000000000005,0.019760000000000003,0.377,0.375,5.0,5.0,0.02,0.0,0.01184,0.01,0.8,0.8,5.0,0.15,5.49816282798869,0.15,0.0,0.0,0.0,0.0,5.0,0.227,5.49816282798869,0.5589999999999999,0.0,0.0,0.0,0.0,5.0,10.0,5.481731095703304,10.0,-0.3871395519440212,0.0,0.0,0.0
0.19263,0.17025000000000007,0.00792,0.409,0.4225,5.0,5.0,0.02,0.0,0.00792,0.004,0.8,0.8,5.0,0.16899999999999998,5.481731095703304,0.16899999999999998,0.0,0.0,0.0,0.0,5.0,0.24,5.481731095703304,0.532,0.0,0.0,0.0,0.0,5.0,10.0,5.524557635519737,10.0,-0.39617401235529254,0.0,0.0,0.0
0.23157,0.16810000000000005,0.0,0.479,0.4575,5.0,5.0,0.019999999999999997,0.0,0.0,0.0,0.8,0.8,5.0,0.183,5.524557635519737,0.183,0.0,0.0,0.0,0.0,5.0,0.296,5.524557635519737,0.637,0.0,0.0,0.0,0.0,5.0,10.0,5.54108265736325,10.0,-0.4136330267305782,0.0,0.0,0.0
0.29567,0.16390000000000007,0.0,0.592,0.55,5.0,5.0,0.02,0.0,0.0,0.0,0.8,0.8,5.0,0.22000000000000003,5.54108265736325,0.22000000000000003,0.0,0.0,0.0,0.0,5.0,0.372,5.54108265736325,0.769,0.0,0.0,0.0,0.0,5.0,10.0,5.447970901000972,10.0,-0.4323570196502858,0.0,0.0,0.0
0.37199,0.16025000000000006,0.0,0.744,0.7075,5.0,5.0,0.020000000000000004,0.0,0.0,0.0,0.8,0.8,5.0,0.28300000000000003,5.447970901000972,0.28300000000000003,0.0,0.0,0.0,0.0,5.0,0.461,5.447970901000972,0.914,0.0,0.0,0.0,0.0,5.0,10.0,5.34056971589782,10.0,-0.4462351138471464,0.0,0.0,0.0
0.48373,0.15345000000000006,0.0,0.968,0.9,5.0,5.0,0.020000000000000004,0.0,0.0,0.0,0.8,0.8,5.0,0.36,5.34056971589782,0.36,0.0,0.0,0.0,0.0,5.0,0.608,5.34056971589782,1.046,0.0,0.0,0.0,0.0,5.0,10.0,5.362350547929294,10.0,-0.45865462137969526,0.0,0.0,0.0
0.61181,0.14780000000000007,0.0,1.224,1.1675,5.0,5.0,0.020000000000000014,0.0,0.0,0.0,0.8,0.8,5.0,0.46699999999999997,5.362350547929294,0.46699999999999997,0.0,0.0,0.0,0.0,5.0,0.757,5.362350547929294,1.19,0.0,0.0,0.0,0.0,5.0,10.0,5.44117353614697,10.0,-0.46731011261666205,0.0,0.0,0.0
0.73846,0.14350000000000002,0.0,1.4760000000000002,1.435,5.0,5.0,0.019999999999999987,0.0,0.0,0.0,0.8,0.8,5.0,0.563,5.44117353614697,0.5860000000000001,10.0,0.011,0.0,0.0,5.0,0.913,5.44117353614697,1.326,10.0,0.038,0.0,0.0,5.0,10.0,5.73348295208123,10.0,-0.472916610242938,0.0,0.0,0.0
0.59017,0.2015,0.01735,1.1800000000000002,1.7600000000000002,5.0,5.0,0.019999999999999993,0.01735,0.0,0.009,0.8,0.8,5.0,0.704,5.73348295208123,0.704,0.0,0.0,0.0,0.0,5.0,0.476,5.73348295208123,0.9869999999999999,0.0,0.0,0.0,0.0,5.0,10.0,6.138071901788495,10.0,-0.4661114594100005,0.0,0.0,0.0
0.61826,0.21030000000000001,0.01735,1.237,1.325,5.0,5.0,0.020000000000000014,0.0,0.0,0.009,0.8,0.8,5.0,0.53,6.138071901788495,0.53,0.0,0.0,0.0,0.0,5.0,0.7070000000000001,6.138071901788495,1.244,0.0,0.0,0.0,0.0,5.0,10.0,5.628168030870791,10.0,-0.46765115000161744,0.0,0.0,0.0
0.79011,0.19770000000000004,0.01735,1.581,1.455,5.0,5.0,0.02,0.0,0.0,0.009,0.8,0.8,5.0,0.5820000000000001,5.628168030870791,0.5820000000000001,0.0,0.0,0.0,0.0,5.0,0.999,5.628168030870791,1.383,0.0,0.0,0.0,0.0,5.0,10.0,5.9214977918570195,10.0,-0.474687068889142,0.0,0.0,0.0
0.9364,0.19125000000000006,0.01735,1.8719999999999999,1.8075000000000003,5.0,5.0,0.019999999999999993,0.0,0.0,0.009,0.8,0.8,5.0,0.7230000000000001,5.9214977918570195,0.7230000000000001,0.0,0.0,0.0,0.0,5.0,1.149,5.9214977918570195,1.367,0.0,0.0,0.0,0.0,5.0,10.0,6.280144061897036,10.0,-0.4786416061512174,0.0,0.0,0.0
0.9539,0.1935,0.01735,1.908,1.935,5.0,5.0,0.020000000000000004,0.0,0.01735,0.009,0.8,0.8,5.0,0.6799999999999999,6.280144061897036,0.8,10.0,0.094,0.0,0.0,5.0,1.228,6.280144061897036,1.411,10.0,0.217,0.0,0.0,5.0,10.0,6.578791163206044,10.0,-0.4790334416605514,0.0,0.0,0.0
0.7916599999999999,0.2412,0.02,1.5230000000000001,2.0,5.0,5.0,0.020000000000000025,0.02,0.0,0.01,0.8,0.8,5.0,0.8,6.578791163206044,0.8,0.0,0.0,0.0,0.0,5.0,0.7230000000000001,6.578791163206044,1.332,0.0,0.0,0.0,0.0,5.0,10.0,6.232671067251998,10.0,-0.47473662936108935,0.0,0.0,0.0
0.87666,0.24205,0.02,1.754,1.7625,5.0,5.0,0.020000000000000007,0.0,0.0,0.01,0.8,0.8,5.0,0.705,6.232671067251998,0.705,0.0,0.0,0.0,0.0,5.0,1.049,6.232671067251998,1.292,0.0,0.0,0.0,0.0,5.0,10.0,6.314785303921782,10.0,-0.4771861382976296,0.0,0.0,0.0
0.9841599999999999,0.2389,0.02,1.9689999999999999,1.9375,5.0,5.0,0.02000000000000001,0.0,0.0,0.01,0.8,0.8,5.0,0.775,6.314785303921782,0.775,0.0,0.0,0.0,0.0,5.0,1.194,6.314785303921782,1.392,0.0,0.0,0.0,0.0,5.0,10.0,6.889798441414311,10.0,-0.47967810112176884,-0.125,-0.125,0.10000000000000009
1.03827,0.2366,0.02,1.7730000000000001,1.75,5.0,5.500000000000001,0.01999999999999998,0.0,0.0,0.01,0.7,0.7,5.0,0.7,6.889798441414311,0.7,0.0,0.0,0.0,0.0,5.0,1.073,6.889798441414311,1.4140000000000001,0.0,0.0,0.0,0.0,5.500000000000001,10.0,7.246983455498716,10.0,-0.48073718782205016,0.0,0.0,0.14545454545454528
1.13478,0.2318,0.02,1.798,1.75,5.500000000000001,6.3,0.01999999999999998,0.0,0.02,0.01,0.7,0.7,5.500000000000001,0.7,7.246983455498716,0.7,0.0,0.0,0.0,0.0,5.500000000000001,1.098,7.246983455498716,1.183,0.0,0.0,0.0,0.0,6.3,10.0,6.734469589398913,10.0,-0.4823754384109695,0.0,0.0,-0.04761904761904767
1.03583,0.27449999999999997,7.000000000000001e-05,1.323,1.75,6.3,6.0,0.02,7.000000000000001e-05,0.0,0.0,0.7,0.7,6.3,0.7,6.734469589398913,0.7,0.0,0.0,0.0,0.0,6.3,0.623,6.734469589398913,1.408,0.0,0.0,0.0,0.0,6.0,10.0,7.879618142665338,10.0,-0.48069181236303254,0.0,0.0,0.0
1.00206,0.2932,7.000000000000001e-05,1.5630000000000002,1.75,6.0,6.0,0.019999999999999997,0.0,0.0,0.0,0.7,0.7,6.0,0.7,7.879618142665338,0.7,0.0,0.0,0.0,0.0,6.0,0.8630000000000001,7.879618142665338,1.1300000000000001,0.0,0.0,0.0,0.0,6.0,10.0,5.776132386364013,10.0,-0.4800411153024769,0.0,0.0,-0.08333333333333337
1.26974,0.2862,8e-05,1.8199999999999998,1.75,6.0,5.5,0.02,1e-05,0.0,0.0,0.7,0.7,6.0,0.7,5.776132386364013,0.7,0.0,0.0,0.0,0.0,6.0,1.1199999999999999,5.776132386364013,1.418,0.0,0.0,0.0,0.0,5.5,10.0,7.34018884941445,10.0,-0.484248743837321,0.0,0.0,0.0
1.17564,0.31520000000000004,0.0017900000000000001,1.46,1.75,5.5,5.5,0.02,0.00171,0.0,0.001,0.7,0.7,5.5,0.7,7.34018884941445,0.7,0.0,0.0,0.0,0.0,5.5,0.76,7.34018884941445,1.316,0.0,0.0,0.0,0.0,5.5,10.0,7.826698698564202,10.0,-0.48298798952060157,0.0,0.0,0.0
1.20251,0.31570000000000004,0.0017900000000000001,1.7449999999999999,1.75,5.5,5.5,0.019999999999999976,0.0,7.000000000000001e-05,0.001,0.7,0.7,5.5,0.7,7.826698698564202,0.7,0.0,0.0,0.0,0.0,5.5,1.045,7.826698698564202,1.351,0.0,0.0,0.0,0.0,5.5,10.0,6.305498601334465,10.0,-0.4833681216788218,0.0,0.0,0.0
1.2049,0.34,0.00172,1.5070000000000001,1.75,5.5,5.5,0.01999999999999998,0.0,0.0,0.001,0.7,0.7,5.5,0.7,6.305498601334465,0.7,0.0,0.0,0.0,0.0,5.5,0.807,6.305498601334465,1.638,0.0,0.0,0.0,0.0,5.5,10.0,8.188650018480285,10.0,-0.4834011121254876,0.0,0.0,0.09090909090909083
1.17948,0.3454,0.00172,1.6960000000000002,1.75,5.5,5.999999999999999,0.020000000000000007,0.0,1e-05,0.001,0.7,0.7,5.5,0.7,8.188650018480285,0.7,0.0,0.0,0.0,0.0,5.5,0.9960000000000001,8.188650018480285,1.09,0.0,0.0,0.0,0.0,5.999999999999999,10.0,6.120982718790139,10.0,-0.4830433750466307,-0.2857142857142857,-0.2857142857142857,-0.08333333333333326
1.4230699999999998,0.3288,0.00177,1.416,1.25,5.999999999999999,5.5,0.020000000000000025,5.9999999999999995e-05,0.00171,0.001,0.5,0.5,5.999999999999999,0.5,6.120982718790139,0.5,0.0,0.0,0.0,0.0,5.999999999999999,0.916,6.120982718790139,1.262,0.0,0.0,0.0,0.0,5.5,10.0,7.837171696290151,10.0,-0.48594587757453955,0.0,0.0,0.0
1.3213199999999998,0.35389999999999994,0.01744,0.999,1.25,5.5,5.5,0.019999999999999997,0.01738,0.0,0.009,0.5,0.5,5.5,0.5,7.837171696290151,0.5,0.0,0.0,0.0,0.0,5.5,0.499,7.837171696290151,1.28,0.0,0.0,0.0,0.0,5.5,10.0,7.252500791272323,10.0,-0.48486362122725757,0.0,0.0,0.0
1.3806500000000002,0.3558,0.03744,1.2309999999999999,1.25,5.5,5.5,0.020000000000000028,0.02,0.0,0.019,0.5,0.5,5.5,0.5,7.252500791272323,0.5,0.0,0.0,0.0,0.0,5.5,0.731,7.252500791272323,1.293,0.0,0.0,0.0,0.0,5.5,10.0,6.23932776008744,10.0,-0.48551406946003695,0.0,0.0,0.0
1.58679,0.34019999999999995,0.05744,1.4060000000000001,1.25,5.5,5.5,0.019999999999999993,0.02,0.0,0.028999999999999998,0.5,0.5,5.5,0.5,6.23932776008744,0.5,0.0,0.0,0.0,0.0,5.5,0.906,6.23932776008744,1.8190000000000002,0.0,0.0,0.0,0.0,5.5,10.0,8.093752441192608,10.0,-0.48739593771072415,0.0,0.0,0.0
1.59456,0.3434,0.07529000000000001,1.218,1.25,5.5,5.5,0.020000000000000028,0.01785,5.9999999999999995e-05,0.038,0.5,0.5,5.5,0.5,8.093752441192608,0.5,0.0,0.0,0.0,0.0,5.5,0.718,8.093752441192608,1.0470000000000002,0.0,0.0,0.0,0.0,5.5,10.0,7.118484532566929,10.0,-0.48745735500702386,0.0,0.0,0.0
1.7939,0.32099999999999995,0.09523000000000001,1.474,1.25,5.5,5.5,0.020000000000000028,0.02,0.01738,0.048,0.5,0.5,5.5,0.5,7.118484532566929,0.5,0.0,0.0,0.0,0.0,5.5,0.974,7.118484532566929,1.481,0.0,0.0,0.0,0.0,5.5,10.0,7.992239786104195,10.0,-0.4888511065276771,0.0,0.0,0.0
1.73193,0.3349999999999999,0.09784999999999999,1.1099999999999999,1.25,5.5,5.5,0.020000000000000042,0.02,0.02,0.049,0.5,0.5,5.5,0.5,7.992239786104195,0.5,0.0,0.0,0.0,0.0,5.5,0.61,7.992239786104195,2.173,0.0,0.0,0.0,0.0,5.5,10.0,8.340302004190164,10.0,-0.4884521891762369,0.0,0.0,0.2727272727272727
1.81652,0.31869999999999993,0.0978,1.413,1.25,5.5,7.0,0.020000000000000035,0.01995,0.02,0.049,0.5,0.5,5.5,0.5,8.340302004190164,0.5,0.0,0.0,0.0,0.0,5.5,0.913,8.340302004190164,1.56,0.0,0.0,0.0,0.0,7.0,10.0,5.441878812191419,10.0,-0.48898993680223724,0.0,0.0,0.0
2.46927,0.26129999999999987,0.09633,1.8240000000000003,1.25,7.0,7.0,0.020000000000000018,0.01853,0.01785,0.048,0.5,0.5,7.0,0.5,5.441878812191419,0.5,0.0,0.0,0.0,0.0,7.0,1.324,5.441878812191419,1.802,0.0,0.0,0.0,0.0,7.0,10.0,7.699701869929257,10.0,-0.49190044021107454,0.0,0.0,0.0
2.57945,0.26579999999999987,0.09848,1.205,1.25,7.0,7.0,0.01999999999999997,0.02,0.02,0.049,0.5,0.5,7.0,0.5,7.699701869929257,0.5,0.0,0.0,0.0,0.0,7.0,0.705,7.699701869929257,1.94,0.0,0.0,0.0,0.0,7.0,10.0,9.183444620987647,10.0,-0.49224640911822287,0.0,0.0,0.0
2.81629,0.24129999999999988,0.09848,1.4949999999999999,1.25,7.0,7.0,0.02000000000000001,0.02,0.02,0.049,0.5,0.5,7.0,0.5,9.183444620987647,0.5,0.0,0.0,0.0,0.0,7.0,0.9949999999999999,9.183444620987647,1.212,0.0,0.0,0.0,0.0,7.0,10.0,6.326710588695483,10.0,-0.4928984586104414,0.0,0.0,0.0
2.8767600000000004,0.26239999999999986,0.09848,1.0390000000000001,1.25,7.0,7.0,0.01999999999999998,0.02,0.01995,0.049,0.5,0.5,7.0,0.5,6.326710588695483,0.5,0.0,0.0,0.0,0.0,7.0,0.5389999999999999,6.326710588695483,1.818,0.0,0.0,0.0,0.0,7.0,10.0,8.400659903959797,10.0,-0.4930477342565942,0.0,0.0,0.0
3.01489,0.2575999999999999,0.09853,1.298,1.25,7.0,7.0,0.020000000000000052,0.02,0.01853,0.049,0.5,0.5,7.0,0.5,8.400659903959797,0.5,0.0,0.0,0.0,0.0,7.0,0.798,8.400659903959797,1.8980000000000001,0.0,0.0,0.0,0.0,7.0,10.0,5.745273636536521,10.0,-0.49336625880214535,0.0,0.0,-0.2142857142857143
3.55601,0.21439999999999987,0.1,1.682,1.25,7.0,5.5,0.02,0.02,0.02,0.05,0.5,0.5,7.0,0.5,5.745273636536521,0.5,0.0,0.0,0.0,0.0,7.0,1.182,5.745273636536521,1.59,0.0,0.0,0.0,0.0,5.5,10.0,8.03079484740725,10.0,-0.49437571885343407,0.0,0.0,0.2727272727272727
3.6077199999999996,0.20689999999999986,0.1,1.325,1.25,5.5,7.0,0.01999999999999993,0.02,0.02,0.05,0.5,0.5,5.5,0.5,8.03079484740725,0.5,0.0,0.0,0.0,0.0,5.5,0.825,8.03079484740725,1.589,0.0,0.0,0.0,0.0,7.0,10.0,9.09193665536959,10.0,-0.49445633253134946,0.0,0.0,0.1428571428571428
3.93452,0.17019999999999988,0.1,1.6170000000000002,1.25,7.0,8.0,0.019999999999999914,0.02,0.02,0.05,0.5,0.5,7.0,0.5,9.09193665536959,0.5,0.0,0.0,0.0,0.0,7.0,1.117,9.09193665536959,1.684,0.0,0.0,0.0,0.0,8.0,10.0,6.629270428765956,10.0,-0.494916787816557,0.0,0.0,-0.25
4.21936,0.1680999999999999,0.1,1.2710000000000001,1.25,8.0,6.0,0.0200000000000001,0.02,0.02,0.05,0.5,0.5,8.0,0.5,6.629270428765956,0.5,0.0,0.0,0.0,0.0,8.0,0.771,6.629270428765956,2.525,0.0,0.0,0.0,0.0,6.0,10.0,8.533756235542233,10.0,-0.49525994463615336,0.0,0.0,0.30000000000000004
4.45937,0.13189999999999988,0.1,1.6119999999999997,1.25,6.0,7.8,0.01999999999999996,0.02,0.02,0.05,0.5,0.5,6.0,0.5,8.533756235542233,0.5,0.0,0.0,0.0,0.0,6.0,1.1119999999999999,8.533756235542233,1.474,0.0,0.0,0.0,0.0,7.8,10.0,6.466054280379308,10.0,-0.495515061544568,0.19999999999999996,0.19999999999999996,-0.23076923076923073
4.57299,0.1510999999999999,0.1,1.308,1.5,7.8,6.0,0.019999999999999882,0.02,0.02,0.05,0.6,0.6,7.8,0.372,6.466054280379308,0.6,10.0,0.22799999999999998,0.0,0.0,7.8,0.9359999999999999,6.466054280379308,1.518,10.0,0.5740000000000001,0.0,0.0,6.0,10.0,8.841553065234407,10.0,-0.4956264938257027,0.0,0.0,0.0
4.495,0.1655999999999999,0.1,1.355,1.5,6.0,6.0,0.019999999999999924,0.02,0.02,0.05,0.6,0.6,6.0,0.6,8.841553065234407,0.6,0.0,0.0,0.0,0.0,6.0,0.755,8.841553065234407,1.9929999999999999,0.0,0.0,0.0,0.0,6.0,10.0,4.430033509481982,10.0,-0.4955506117908788,0.0,0.0,0.0
4.8515,0.15,0.1,1.654,1.5,6.0,6.0,0.01999999999999988,0.02,0.02,0.05,0.6,0.6,6.0,0.576,4.430033509481982,0.6,10.0,0.024,0.0,0.0,6.0,1.0779999999999998,4.430033509481982,1.655,10.0,0.045,0.0,0.0,6.0,10.0,6.630712054021805,10.0,-0.4958775636401113,0.0,0.0,0.0
4.79036,0.1838,0.1,1.1620000000000001,1.5,6.0,6.0,0.019999999999999938,0.02,0.02,0.05,0.6,0.6,6.0,0.6,6.630712054021805,0.6,0.0,0.0,0.0,0.0,6.0,0.562,6.630712054021805,0.858,0.0,0.0,0.0,0.0,6.0,10.0,8.545933812632942,10.0,-0.4958249484381132,0.0,0.0,0.0
4.5519,0.22799999999999998,0.1,1.058,1.5,6.0,6.0,0.02000000000000005,0.02,0.02,0.05,0.6,0.6,6.0,0.6,8.545933812632942,0.6,0.0,0.0,0.0,0.0,6.0,0.458,8.545933812632942,1.286,0.0,0.0,0.0,0.0,6.0,10.0,8.122434300919595,10.0,-0.49560623036534196,0.0,0.0,0.0
4.47265,0.24989999999999998,0.1,1.281,1.5,6.0,6.0,0.01999999999999993,0.02,0.02,0.05,0.6,0.6,6.0,0.6,8.122434300919595,0.6,0.0,0.0,0.0,0.0,6.0,0.6809999999999999,8.122434300919595,1.705,0.0,0.0,0.0,0.0,6.0,10.0,7.551474329040081,10.0,-0.49552837803092126,0.0,0.0,0.0
4.6280600000000005,0.23839999999999997,0.1,1.6149999999999998,1.5,6.0,6.0,0.02000000000000004,0.02,0.02,0.05,0.6,0.6,6.0,0.6,7.551474329040081,0.6,0.0,0.0,0.0,0.0,6.0,1.0150000000000001,7.551474329040081,1.076,0.0,0.0,0.0,0.0,6.0,10.0,8.567073448430445,10.0,-0.4956785348504557,0.0,0.0,0.25
4.84314,0.20679999999999996,0.1,1.816,1.5,6.0,7.5,0.019999999999999952,0.02,0.02,0.05,0.6,0.6,6.0,0.6,8.567073448430445,0.6,0.0,0.0,0.0,0.0,6.0,1.216,8.567073448430445,1.365,0.0,0.0,0.0,0.0,7.5,10.0,8.389203468563116,10.0,-0.4958704476847665,0.0,0.0,0.0
4.87854,0.22489999999999996,0.1,1.3190000000000002,1.5,7.5,7.5,0.01999999999999991,0.02,0.02,0.05,0.6,0.6,7.5,0.6,8.389203468563116,0.6,0.0,0.0,0.0,0.0,7.5,0.7190000000000001,8.389203468563116,2.045,0.0,0.0,0.0,0.0,7.5,10.0,7.986285025522703,10.0,-0.49590041282842817,0.0,0.0,0.0
5.17136,0.21189999999999995,0.1,1.6300000000000001,1.5,7.5,7.5,0.020000000000000025,0.02,0.02,0.05,0.6,0.6,7.5,0.6,7.986285025522703,0.6,0.0,0.0,0.0,0.0,7.5,1.03,7.986285025522703,2.93,0.0,0.0,0.0,0.0,7.5,10.0,7.803354440128143,10.0,-0.49613254540391694,0.0,0.0,-0.06666666666666665
5.74441,0.16299999999999992,0.1,1.989,1.5,7.5,7.0,0.020000000000000115,0.02,0.02,0.05,0.6,0.6,7.5,0.6,7.803354440128143,0.6,0.0,0.0,0.0,0.0,7.5,1.389,7.803354440128143,1.473,0.0,0.0,0.0,0.0,7.0,10.0,7.6516346212313335,10.0,-0.49651835436537434,0.0,0.0,0.0
5.98231,0.15,0.1,1.6350000000000002,1.5,7.0,7.0,0.020000000000000004,0.02,0.02,0.05,0.6,0.6,7.0,0.51,7.6516346212313335,0.6,10.0,0.09,0.0,0.0,7.0,1.125,7.6516346212313335,1.401,10.0,0.198,0.0,0.0,7.0,10.0,8.986189626258053,10.0,-0.4966568098276418,0.0,0.0,0.0
5.9088400000000005,0.1734,0.1,1.266,1.5,7.0,7.0,0.02000000000000006,0.02,0.02,0.05,0.6,0.6,7.0,0.6,8.986189626258053,0.6,0.0,0.0,0.0,0.0,7.0,0.666,8.986189626258053,2.1,0.0,0.0,0.0,0.0,7.0,10.0,4.653609542949912,10.0,-0.4966152408933056,0.0,0.0,-0.2857142857142857
6.313020000000001,0.16570000000000001,0.1,1.577,1.5,7.0,5.0,0.02000000000000008,0.02,0.02,0.05,0.6,0.6,7.0,0.6,4.653609542949912,0.6,0.0,0.0,0.0,0.0,7.0,0.977,4.653609542949912,2.77,0.0,0.0,0.0,0.0,5.0,10.0,6.962005513385307,10.0,-0.4968319441408391,0.0,0.0,0.19999999999999996
6.3908000000000005,0.15,0.1,1.6640000000000001,1.5,5.0,6.0,0.02000000000000002,0.02,0.02,0.05,0.6,0.6,5.0,0.528,6.962005513385307,0.6,10.0,0.072,0.0,0.0,5.0,1.136,6.962005513385307,1.919,10.0,0.155,0.0,0.0,6.0,10.0,8.730032125221408,10.0,-0.49687050134568445,0.0,0.0,0.0
6.2541,0.1754,0.1,1.246,1.5,6.0,6.0,0.019999999999999848,0.02,0.02,0.05,0.6,0.6,6.0,0.6,8.730032125221408,0.6,0.0,0.0,0.0,0.0,6.0,0.646,8.730032125221408,1.109,0.0,0.0,0.0,0.0,6.0,10.0,5.974347651139501,10.0,-0.49680209782382756,0.0,0.0,0.0
6.45134,0.1727,0.1,1.527,1.5,6.0,6.0,0.02000000000000006,0.02,0.02,0.05,0.6,0.6,6.0,0.6,5.974347651139501,0.6,0.0,0.0,0.0,0.0,6.0,0.9269999999999999,5.974347651139501,1.6629999999999998,0.0,0.0,0.0,0.0,6.0,10.0,8.524039415461512,10.0,-0.496899868864453,0.0,0.0,0.0
6.501600000000001,0.16899999999999998,0.1,1.537,1.5,6.0,6.0,0.019999999999999938,0.02,0.02,0.05,0.6,0.6,6.0,0.6,8.524039415461512,0.6,0.0,0.0,0.0,0.0,6.0,0.9369999999999999,8.524039415461512,1.0779999999999998,0.0,0.0,0.0,0.0,6.0,10.0,7.529278608364838,10.0,-0.49692383413313646,0.0,0.0,0.0
6.6295399999999995,0.16229999999999997,0.1,1.567,1.5,6.0,6.0,0.020000000000000025,0.02,0.02,0.05,0.6,0.6,6.0,0.6,7.529278608364838,0.6,0.0,0.0,0.0,0.0,6.0,0.967,7.529278608364838,1.616,0.0,0.0,0.0,0.0,6.0,10.0,9.448386999059682,10.0,-0.4969831994376684,0.0,0.0,0.0
6.66034,0.15,0.1,1.6170000000000002,1.5,6.0,6.0,0.019999999999999914,0.02,0.02,0.05,0.6,0.6,6.0,0.5700000000000001,9.448386999059682,0.6,10.0,0.03,0.0,0.0,6.0,1.0470000000000002,9.448386999059682,1.287,10.0,0.05500000000000001,0.0,0.0,6.0,10.0,6.557548661536657,10.0,-0.4969971502956306,0.0,0.0,0.0
6.63239,0.179,0.1,1.21,1.5,6.0,6.0,0.01999999999999986,0.02,0.02,0.05,0.6,0.6,6.0,0.6,6.557548661536657,0.6,0.0,0.0,0.0,0.0,6.0,0.61,6.557548661536657,1.92,0.0,0.0,0.0,0.0,6.0,10.0,8.281225254106419,10.0,-0.496984495785079,0.0,0.0,0.25
6.6660200000000005,0.18049999999999997,0.1,1.4849999999999999,1.5,6.0,7.5,0.020000000000000073,0.02,0.02,0.05,0.6,0.6,6.0,0.6,8.281225254106419,0.6,0.0,0.0,0.0,0.0,6.0,0.885,8.281225254106419,1.23,0.0,0.0,0.0,0.0,7.5,10.0,8.557887953113578,10.0,-0.49699970897177026,0.0,0.0,0.0
6.8953,0.17139999999999997,0.1,1.591,1.5,7.5,7.5,0.020000000000000014,0.02,0.02,0.05,0.6,0.6,7.5,0.6,8.557887953113578,0.6,0.0,0.0,0.0,0.0,7.5,0.991,8.557887953113578,1.83,0.0,0.0,0.0,0.0,7.5,10.0,6.8684108733252085,10.0,-0.4970994735544501,0.0,0.0,-0.19999999999999996
7.31445,0.15,0.1,1.7129999999999999,1.5,7.5,6.0,0.020000000000000153,0.02,0.02,0.05,0.6,0.6,7.5,0.588,6.8684108733252085,0.6,10.0,0.012,0.0,0.0,7.5,1.125,6.8684108733252085,2.741,10.0,0.023,0.0,0.0,6.0,10.0,9.03160206650559,10.0,-0.49726568641524654,0.0,0.0,0.33333333333333326
